key,input,hlcs_proba1
OCFACRWFEFGYDB-UHFFFAOYSA-N,OC1=CC=C(O)C(C2CCCCCCC2)=C1,0.403
HMBAGIWVHSMZGN-UHFFFAOYSA-N,CC1(C)NC(=O)N(CCC2=CC=CC=C2)C1O,0.213
LYNBJSJVJXRVTC-BZSNNMDCSA-N,N[C@@H](CC1=CC=C(O)C=C1)C(=O)N[C@H]1CSSC[C@@H](C(=O)O)NC(=O)C2=CC(=CC=C2)NC1=O,0.313
OZLHJBSTXWDJKT-UHFFFAOYSA-N,CCCCN(C)C(=O)C1=CC=C2C(=C1)C1=C(N2S(=O)(=O)CC)CN(C2CCCC2)C1,0.413
YUSCAAHQWLTSSG-IBGZPJMESA-N,CN(CCCN1C(=O)[C@@H]2CC3=CC=CC=C3CN2C1=O)C1=CC=CC=C1,0.242
DWUXOADNYZZIEE-UHFFFAOYSA-N,CC1=CC=CC(N2C(=O)N(C3=CC=CC=C3C)C3CS(=O)(=O)CC23)=C1,0.383
ZHTZIUSLOIZPHL-KNTDEHBRSA-N,COC1=CC=C2C3=C1O[C@H]1[C@]4(OC)CC[C@@]5(C[C@@H]4CNC(=O)/C=C/C4=CC=CC=C4)[C@@H](C2)N(C)CC[C@]315,0.4
AZKYYOXBOPFROK-UHFFFAOYSA-N,O=C(CSC1=NC2=CC=CC=C2N=C1C1=CC=CC=C1)N1CCCCCC1,0.373
XQHXUFTWMPGRPV-UHFFFAOYSA-N,N#CC1=C(N)OC2=NC=NC(O)=C2C1C1=CC=CS1,0.4
GFPQRHXCPZSHRH-SOFGYWHQSA-N,COC1=CC2=NC=NC(NC3=CC=C(CC4=CC=CC=N4)C=C3)=C2C=C1NC(=O)/C=C/CN1CCCC1,0.303
XNIBFPUVFRGWGS-UHFFFAOYSA-N,CC1=C(OCC(=O)N(C)C2=CC=CC([N+](=O)[O-])=C2)ON=C1C(F)(F)F,0.337
DGXWEWDXKSUMLN-UHFFFAOYSA-N,O=C1C2=CC=C([N+](=O)[O-])C=C2N=CN1CC1=CC=CC=C1C(F)(F)F,0.47
CBSITSBNYVZQPA-QFIPXVFZSA-N,O=C(NC1=CC=CC(F)=C1)[C@H](CSCC1=CC=CC=C1)N1CC2=CC=CC=C2C1=O,0.273
FTAGWUVDJCQRGR-TWOPAUOSSA-N,CO/N=C(\CC1=CC(Br)=C(OC)C(Br)=C1)C(=O)NCCNCCNC(=O)/C(CC1=CC(Br)=C(OC)C(Br)=C1)=N/OC,0.363
CJBSJFLJYYGYKO-UHFFFAOYSA-N,O=C(OC1CS[S+]([O-])C1)C1=CC=CC(Br)=C1,0.43
GKPVTQTVQVPDLH-VOTSOKGWSA-N,CCOC(=O)/C=C/C1=CC(CN2CCN(C3=CC=CC=N3)CC2)=CC(C(N)=O)=C1,0.32
MPLUPMPIJSWCIQ-UGBDYNFMSA-N,CC(C)C[C@H](NC(=O)[C@H](C)NC(=O)[C@H](CCCNC(=N)N)NC(=O)OCC1=CC=CC=C1)[C@@H](O)CC(=O)NCCC1=CC=C(Cl)C=C1.O=C(O)C(F)(F)F,0.323
QMMLHHLWVXDIKW-UHFFFAOYSA-N,CC1=CC=C2C(NCC3=CC=C(NC(=O)C4CCN(CC5=CC=C(F)C=C5F)CC4)C=C3)=NC(N(C)C)=NC2=C1,0.297
LGDVAJMMQSPBGB-AWEZNQCLSA-N,CC(C)=CC(=O)O[C@@H](CO)COC(=O)C=C(C(C)C)C(C)C,0.433
DCANEJPZBIAFRD-UHFFFAOYSA-N,CCOCCN1CCN(CC2=CN(C)N=C2)CC1C,0.337
HVKYWOIKINNFPD-UHFFFAOYSA-N,CC1CCCN1C1=CC=C2N=CC=CC2=C1,0.467
GGLRYZACPLNCKB-UHFFFAOYSA-N,CCOC(=O)C(=O)NC1=CC=CC(OC)=C1C(N)=O,0.363
CIOQUUUMMYPGKD-UHFFFAOYSA-N,CC(C)C1=CC=C(N2C(=O)C3=CC=CC=C3C2=O)C=C1,0.317
GVQZPPYXSNWJHN-ROUUACIJSA-N,CCCCCNCC[C@@H]1CCC[C@@H]1CCCCCCC(=O)O,0.393
IUPDIFIBOIPXEL-UHFFFAOYSA-N,CC(C)N1N=CC=C1NC(=O)NC1=CC=CC=C1,0.29
ZJODQSBBDBFFAS-UHFFFAOYSA-N,CC(C)CCCCCCCCCCCCCCNC1=CC=C(C(=O)O)C=C1,0.35
DUBHBBAOOPNWGQ-UHFFFAOYSA-N,Br.COC(=O)CN1C(=N)N(CCN2CCCCC2)C2=CC=CC=C12,0.28
QWKYFMXJKILTAJ-LJQANCHMSA-N,CCCN(CCC)[C@H]1COC2=C(C=CC=C2C2=CC=C(OC)C=C2)C1,0.321
MFIBVCBNDYGJFP-UHFFFAOYSA-N,CC(C)C1=CC=NC(C2=CC3=NC=C(C4=CC=CC(NC(=O)NCC(F)(F)F)=C4)N3C=C2)=N1,0.313
AEWFLRDOQHBROH-UHFFFAOYSA-N,CCCCN(CCNP(=O)(OCC)OCC)CP(=O)(OCC)OCC,0.343
OHSXMGUTKUWAOC-VUTHCHCSSA-N,O=C(O)C1CCCN(CCN/N=C/C2=CC=CC=C2C2=CC=CC=C2C2=CC=CC=C2)C1,0.31
QVXHWTJFEXUBPW-KZYPAZRSSA-N,CC(=O)O[C@H]1C[C@@]2(C)C(C[C@@H](O)C3[C@@]4(C)CC[C@@H](OC(=O)C(C)N)[C@@H](C)C4CC[C@]23C)/C1=C(\CCC=C(C)C)C(=O)OCC1=CC=CC=C1,0.377
RGIOVRFPHGJDBR-UHFFFAOYSA-M,CCCC[N+](C)(C)CC1=CC2=C3C(=CC=C2)C=CC=C3C1=O.[Cl-],0.26
SRJGIPQKULJJRH-UHFFFAOYSA-N,N#CC1=NC=CC=C1CN1C=CN=C1,0.39
DDQLILOXSNJTQV-UHFFFAOYSA-M,CCCCCCOC1=C(OC)C=C(C(=O)OC2=CC=CC=C2CC[N+](C)(C)C)C=C1OC.[I-],0.42
ZBPWZFHOPPASBX-IPZCTEOASA-N,COC1=CC=C2NC=C(C(=O)NC/C=C/CN3CCN(C4=CC=CC=C4OC)CC3)C2=C1.O=C(O)C(=O)O,0.457
VWKMDRWBZTWKNM-UHFFFAOYSA-N,C=CCOC(=O)C1=CC=C(S(N)(=O)=O)C=C1,0.417
ULFGDQDWOJBMLY-YPMHNXCESA-N,CC1(C)OC2=C(SC(C#N)=C2)[C@@H](N2CCCC2=O)[C@@H]1O,0.343
CCUVHKGWZHIHRZ-UHFFFAOYSA-N,O=C(CON1N=NC2=CC=C(C(F)(F)F)C=C12)NC1=C(Cl)C=CC=C1Cl,0.347
CMLUQWKVHHCXOP-UHFFFAOYSA-N,C=CCCCCCCCCC1=NN=C(NC2=CC=CC=C2)S1,0.293
FDQZRSAVZSDOIH-UHFFFAOYSA-N,CC1=CC(C)=NC(SCC(=O)NC2=CC=CC(COC3=CC=C(NS(=O)(=O)C4=CC=CC=C4)C=C3)=C2)=N1,0.303
ACFOVCHSVMOGQU-OQLLNIDSSA-N,CCC1SC(N/N=C/CCSC2=CC=CC=C2)=NC1=O,0.337
KCXGPDFLJSOKIZ-UHFFFAOYSA-N,CCSCC1=C(C)NC(=O)C(I)=C1SC1=CC(C)=CC(C)=C1,0.273
APSAKPVVAQGPPP-UHFFFAOYSA-N,CN(C)C1=CC=CC(OCC2CCN(CC3CC3)CC2)=C1.O,0.367
VACBNLGJAQMVJK-UKTHLTGXSA-N,O=C1NC2=CC=CC=C2/C1=C\C(=O)C1=CC=CC(Cl)=C1,0.323
MNZZTNNRXMEJSU-DZJGSNNOSA-N,C[C@H](C1=CC=C(C(=O)NCCC(=O)O)C=C1)N1C(=O)C(C2=CC=CC(F)=C2)=N[C@]12CC[C@@H](C(C)(C)C)CC2,0.4
ZCMMWOVFLLUFDU-UHFFFAOYSA-N,CC1=CC2=C(N=C(CC3=CC=CC(Cl)=C3)O2)C(NCC(F)(F)C2=CC=CC=[N+]2[O-])=N1,0.327
CSJFIKIDEFCFSE-UHFFFAOYSA-N,CCN1C(=O)OC2(CCN(CCCC(=O)OC)CC2)C1=O,0.337
JHWUXMUHCFSXIS-OVCLIPMQSA-N,CCOC1=CC=C(C(=O)N/N=C/C2=CC([N+](=O)[O-])=CS2)C=C1,0.463
VNBLTQXCUPGATI-UHFFFAOYSA-N,CCCCC1=NC2=C(C(=O)N(C(C(=O)N(C)C)C3=CC=CC=C3)C=C2)N1CC1=CC=C(C2=CC=CC=C2C2=NNN=N2)C=C1,0.2
IRMLAZVFEBKCLD-YTYFACEESA-N,O=C(C1CCCCC1)N1CCN2C(=O)N([C@H]3C[C@@H]3C3=CC=CC=C3)C(=O)C2C1,0.307
NJESGTKAAQYDNZ-UHFFFAOYSA-N,O=C(NCCCN1CCOCC1)C1=CC=C(Br)S1,0.33
OICHSSVFKOAHEK-UHFFFAOYSA-N,CC1=CC(C(F)(F)F)=NN1C1=CC=C(OC2=CC=C(S(=O)(=O)NC3=NC=CS3)C=C2C#N)C(C(C)C)=C1,0.49
ZQPKBYQQGAQUAK-BQYQJAHWSA-N,O=C(O)C1=CC=C(OC/C=C/CN2C(=O)N(C(C3=CC=CC=C3)C3=CC=CC=C3)C(=O)C3=CC=C(N4CCOCC4)C=C23)C=C1,0.397
QDJHBNNBIMGPTN-HRQOGRHRSA-N,CC1=CC=CC2=C1OP(=O)(O[C@H]1C[C@H](N3C=C([125I])C(=O)NC3=O)O[C@@H]1CO)OC2,0.363
MIPLKJPTQFTNCT-INIZCTEOSA-N,C1=CC(C2=NOC([C@@H]3CCCN3C3CCC3)=N2)=CC(N2CCCC2)=N1,0.377
CGVTXIMVAPAPNK-UHFFFAOYSA-N,COC(=O)CC1NN=C2N(CCN2C2=CC=C(Cl)C=C2)C1=O,0.383
OJXIQJYPVLRDEZ-KRWDZBQOSA-N,COC1=CC=C(OC2CCN(C(=O)[C@@H](N)CC3=CNC=N3)CC2)C=C1,0.423
PURMTHHDJDASBS-UHFFFAOYSA-N,N#CC1=CC(F)=CC(C2=NC(C3=CC=CC=N3)=CO2)=C1,0.4
CMARQECGDGAALM-SYPWZQQWSA-N,C[C@]12C=C[C@@]3(CC[C@@H]4[C@@](C)(COC(=O)C(=O)O)CCC[C@@]4(C)[C@@H]3CC1)C2,0.387
FXKGOUKRWOCIHB-UHFFFAOYSA-N,CCCCCCS(=O)(=O)NC1=CC=C(NC2=C3C(=NC4=CC=CC=C24)C=CC=C3)C(OC)=C1.CS(=O)(=O)O,0.367
CLADDPQXBLSTPP-UHFFFAOYSA-N,OC1=CC=C2C(=C1)CCC1=C2ON=C1C1=CC=C(O)C(O)=C1,0.403
UBHIMYZBBAMECQ-JVSIBSRASA-N,C[C@]12CC[C@H]3[C@@H](CC[C@H]4NC(=O)CC[C@]34C)[C@@H]1CC[C@@H](N1C=NC3=C(NN)N=C(Cl)N=C13)O2,0.36
WQIORBDAXGTWNE-UHFFFAOYSA-N,COC1=CC=C(C(=O)COC(=O)CNC(=O)C2=CC=CS2)C=C1Br,0.397
DOMAMGPONYVFBD-UHFFFAOYSA-N,CC1=CSC2=NC(C3=CC=CC=N3)=NC(NC3=CC=C4N=CSC4=C3)=C12.Cl,0.283
OYRURKTYBYPRJP-VAWYXSNFSA-N,O=C(/C=C/C1=CC=CC=C1Cl)C1=CC=CC(N2CCCCC2)=C1,0.42
MBNLMEFDTDUAQC-UHFFFAOYSA-N,CC1=NN(C(C)C(=O)N2CCC3=CC=CC=C23)C(C)=C1[N+](=O)[O-],0.34
MDXDJHMIICHKBK-GFTXTJKWSA-N,COC1=CC(C(CC=C(C)C)SC(=O)C2=CC=C(C(F)(F)F)C=C2)=C(OC)C2=C1/C(=N/O)C=C/C2=N\O,0.443
KEOVOLZZHVJWJR-UHFFFAOYSA-N,O=C(NC1=CC=CC=C1)C1=[N+]([O-])C2=CC(Cl)=C(Cl)C=C2[N+]([O-])=C1C1=CC=CC=C1,0.313
ULHSXWIYINWWCK-UHFFFAOYSA-N,CC1=CC(=O)N(C2=CC(Cl)=CC(Cl)=C2)C1=O,0.367
CVAQCUFVFMUERM-UHFFFAOYSA-N,COC1=CC(C2=CC=C(OCCC(C)C)C=C2)=C(OC)C(O)=C1C1=CC=C(O)C=C1,0.397
WJOFBCYZALIRKI-UHFFFAOYSA-N,O=C(C1=CC2=CC=CC=C2N1)N1CCN(CCOC2=CC=CN=C2)CC1,0.49
GQFHYZBKRJHYAC-UHFFFAOYSA-N,CCCC1=NNC(C2CN(CCCS(C)(=O)=O)CCO2)=N1,0.297
XVPZRKIQCKKYNE-UHFFFAOYSA-N,CN1C(CC2=CC=CC=C2)=NC(=O)C2=CC=CC=C12,0.283
INQANWBOIDMWHI-NRFANRHFSA-N,CC1=CC=CC(N/C(=N\C(=O)C2=C(C)N=C(C)S2)N[C@H]2CCCCN(CC(=O)N3CCCC3)C2=O)=C1,0.3
QPHHZIMEKMJFMS-UHFFFAOYSA-N,O=P1(OC2=CC=CC=C2)NNP2(=NP(Cl)(Cl)=NP(Cl)(Cl)=N2)NN1,0.36
WOOTYTHCLUCBAN-BQQVRQSRSA-N,CS(=O)(=O)O.C[C@H]1CN(C2=C(F)C=C3C(=O)C(C(=O)O)=CN(C45CC(C4)C5)C3=C2F)C[C@H]1CN,0.317
CLVMUFNPZQJGKR-UHFFFAOYSA-N,O=C1SC(=CC2=C3C(=NC4=CC=CC=C24)C=CC=C3)C(=O)N1CC1=CC=C(Br)C=C1,0.4
SRNBPLVNLYRSLY-GFCCVEGCSA-N,C[C@@H]1CN2C(=NN=C2C(F)(F)F)CN1C(=O)C1=CC=CC(C(F)(F)C2=NNC(=O)C3=CC=CC=C23)=C1,0.35
JMFZKYABNMMQHH-UHFFFAOYSA-N,CN1C=CC2=CC(OCC3=CC=CC=C3)=CC=C12,0.353
LMWAGXVZVZCSLJ-UHFFFAOYSA-N,CC1=CC=C(C)C(NC(=O)CN2N=C(C)C3=CC=CC=C3C2=O)=C1,0.35
LJFHNQVYXLXWBM-UHFFFAOYSA-N,O=C(NC1=CC=CC(C2=NN3N=CC=CC3=C2C2=CC=NC(NC3=CC=CC(C(F)(F)F)=C3)=N2)=C1)C1=C(F)C=CC=C1F,0.3
PWOKLGVLHXQYNY-UHFFFAOYSA-N,CCCCC(=O)OC1=CC(Cl)=CC=C1OC1=CC=C(Cl)C=C1Cl,0.403
YVYTXXAKCRMLAS-UHFFFAOYSA-N,COC(=O)C(C)(C)CN1C(=O)N/C(=N\C2=CC=C3C(=C2)C=CN3CC(C)C)N(CC2=CC=C(Cl)C=C2)C1=O,0.313
HPZMZQYJADMXGI-UHFFFAOYSA-N,COC1=CC(C2=C3C=CC(=CC4=NC(=CC5=CC=C(C=C6N=C2C=C6)N5)C=C4)N3)=CC(OC)=C1OC,0.407
YDOWIMXOKOTLRG-UHFFFAOYSA-N,CC1=NNC=C1C1=CSC(NC2=CC=CC=N2)=N1,0.377
PISGEVPDOXRNAQ-SLJXHRAUSA-N,C=C[C@]1(C)C[C@@H](OC(=O)CSC2=CC=CC=C2NC(=O)CN2CCN(C3=CC=CC=C3)CC2)[C@]2(C)[C@H](C)CC[C@]3(CCC(=O)[C@@H]23)[C@@H](C)[C@@H]1O,0.403
JGOAZQAXRONCCI-SDNWHVSQSA-N,C(=N/NC1=CC=CC=C1)\C1=CC=CC=C1,0.347
LPCVZVMPDVFMLI-UHFFFAOYSA-N,CC1=C(C2=NC3=CC(C(F)(F)F)=CC=C3N2C)C(C2=CC=C(Cl)C(Cl)=C2)N2N=CC=C2N1,0.343
AIMJDSLMZCDDNT-BXUZGUMPSA-N,CC[C@@]1(O)CCN(C(=O)C2=CC=CN=C2OC)C[C@H]1O,0.373
UKOSIJCXESYYND-UHFFFAOYSA-N,CC1=CC=C(CNC2=NC3=CC=C(C)C=C3N3N=NN=C23)C=C1,0.35
YXUCGRIKEPQUEQ-ARDXYTESSA-N,C=C1C(=O)O[C@H]2[C@H]1CC/C(COC(=O)C1=CN(C)C3=CC=CC=C13)=C/CC[C@@]1(C)O[C@@H]21,0.372
IIBLTCQPIQYFIA-UHFFFAOYSA-N,CC1=CC=C2N=C(NC3=NC=C4C(=N3)CC(C)(C)CC4=O)N=C(C)C2=C1,0.39
XZBOLNHKGZOWEI-UHFFFAOYSA-N,CC1=C(C(=O)N2CCC(C3=NC(C#N)=CS3)CC2)C=NN1C1=NC2=C(C(=O)N1)CCC2,0.413
FNBYOSZOQAZRAW-KWCFWXNCSA-N,C=CC(=C)CCC1(C)C(C)CC(=O)C23C(=C[C@H](OC(=O)CCC)CC12)[C@@H](OC(C)=O)O[C@H]3OC(C)=O,0.407
HJVRGNVSQKIHBY-UHFFFAOYSA-N,CCCCNC1=NN=C(CCN2N=C(C)C(Br)=C2C)S1,0.397
SYLBDRSSIIBAIV-HOTGVXAUSA-N,CSC1=CC=C(C(=O)N[C@@H](CCC/N=C(\N)N[N+](=O)[O-])C(=O)N[C@@H](CC(C)C)C(N)=O)C=C1,0.33
VELVUGAANFPXJJ-UHFFFAOYSA-N,CCCC1=NC(NCCCN2C=CN=C2)=C2C(=N1)C(C)=NN2CC,0.4
MVQYAJKJFLZDIV-UHFFFAOYSA-N,CC1(C)CC(CCN(CC2=CC=CC=C2)C(=O)C2=CC=CO2)(C2=CC=CC=C2)CCO1,0.367
FYNBMTFTUIYCJV-MHPIHPPYSA-N,C[C@H]1CN([C@@H](C)CO)C(=O)C2=CC=CC(NC(=O)C3=NC4=CC=CC=C4S3)=C2O[C@H]1CN(C)C(=O)NC1=CC=C(C(F)(F)F)C=C1,0.27
GBOWSHXBCIUEIK-NDHUZOIRSA-N,NC[C@H]1CC[C@H](CNC(=O)C2=C3C(=NC=C2)N=C(C2CC4CCC2C4)N3)CC1,0.347
JOWZHWLQJUVEAC-UHFFFAOYSA-N,C1=CSC(C2=NC3=CC=C4NN=CC4=C3C3=C2CCCC3)=C1,0.423
NDINQOKZIDQTBN-UHFFFAOYSA-N,O=C(OCC1=CC=CS1)C1=CC2=C(O1)C(=O)C1=CC=CC=C1C2=O,0.287
LHXYNDSGEDISEA-UHFFFAOYSA-N,CC1=NNC(NCC(=O)C2=CC=C(O)C(O)=C2)=C1,0.397
CMZVXOQOJGOXSB-UHFFFAOYSA-N,COCCOC1=CC=CC=C1C1C(C(=O)C(C)(C)C)C(=O)C(=O)N1C1=CC=C(C2=COC=C2)C=C1,0.407
AEBGVVBYFUZUED-UHFFFAOYSA-N,COC1=CC=C(C2=CC=C3C=CC(OC)=CC3=[O+]2)C=C1,0.463
XPXAXOSDACKJES-SANMLTNESA-N,O=C1N[C@@](C2=CC=C(OCCCC(F)(F)F)C=C2F)(C(F)(F)F)CC(C2=NN(CC3CCC3)C=C2)=C1C(=O)NS(=O)(=O)C1CC1,0.38
VTSKDSWGAIIDJV-UHFFFAOYSA-N,O=C1NC2=CC=C(C3=NN=C(NCC4=CC=C(C(F)(F)F)C=C4)SC3)C=C2N1,0.34
ANWOEKIATLTCTA-UHFFFAOYSA-N,O=C(NC1=NC=C(CC2=CC=CC=C2)S1)C1CCCC1,0.357
MJHMABNIGSEYKN-UHFFFAOYSA-N,O=C(CSC1=NC=CC=C1C(=O)O)C1=CC=CC=C1,0.323
WCBHWWCRMPMBTH-UHFFFAOYSA-N,C1=CC(CN2CCNCCCNCCNCC2)=CC=C1CN1CCNCCCNCCNCC1,0.333
LWMHQSNCXDHONB-UHFFFAOYSA-N,O=C(C1=CC=CC=C1)N1CCN(S(=O)(=O)C2=CC=CS2)CC1,0.347
KPSNFOHNLPZDRP-NJSLBKSFSA-N,CC1=NOC(C)=C1NC(=O)NC1=CC=CC2=C1O[C@@H](CN(C)S(C)(=O)=O)[C@@H](C)CN([C@@H](C)CO)C2=O,0.29
YULOHHJNVBWZFQ-IBGZPJMESA-N,CCC(CC)(NC(=O)C(C)C)C(=O)N[C@@H](CCCNC(=N)N)C(=O)NCCC1=CC=CC=C1,0.3
LIRNRWBUJJIWJD-UHFFFAOYSA-N,CC1=CC=C(C2=NNC(C3=NC(=CN4CCN(C)CC4)NO3)=C2)C=C1,0.307
YJDKTUGCLYBQOF-UHFFFAOYSA-N,CCOC(=O)CN1C=CC(NC(=O)COC2=CC=C(F)C=C2)=N1,0.42
DYEBQBWYGSPVPH-UHFFFAOYSA-N,O=C(NCCCCCCNC(=O)C1=CC=CC=C1)C1=CC=CC=C1,0.357
CNGACCZHVNABHX-WZJDMNOTSA-N,CCC1=C(OC(=O)N(CC)CC)N2C(=O)O/C(=N\CC3=CC=CC=C3)[C@]2(C)[C@H]2C1=CC[C@H]1C(=O)N(CC)C(=O)[C@@H]21,0.333
OUQVWKTYBJMMEI-LYCTWNKOSA-N,C[N+](C)(C)C[C@H]1C[C@H]1COC(=O)NC1=CC=C(Cl)C=C1.[I-],0.367
JMRQLQZCVRXVBF-DPQHJISKSA-N,C=C(CC[C@@H](C)[C@H]1CC=C2C3=C([C@@H](O)[C@H](OC(C)=O)[C@]12C)[C@@]1(C)C[C@@H](O)[C@H](OC(=O)CCC(=O)O)C(C)(C)[C@@H]1CC3)C(C)C,0.377
ORPXEQOZVCQUKK-UHFFFAOYSA-N,CC1=CC=C(S(=O)(=O)NC2=CC=C(C3=NN=C(SCC#N)N3C)C=C2)C=C1,0.223
HRWPTRXVULGXJH-GEFPKZSYSA-N,NC/C=C\CN(CCF)C[C@H]1O[C@@H](N2C=NC3=C(N)N=CN=C23)[C@H](O)[C@@H]1O,0.373
CFMUZUVRPWGTOR-UHFFFAOYSA-N,CCCCC1=NN(C2=CC(NC(=O)CC)=CC=C2Cl)C(=O)N1CC1=CC=C(C2=CC=CC=C2S(=O)(=O)NC(=O)C2=CC=CC=C2Cl)C=C1F,0.337
FUEDAQQFJXCSMM-UHFFFAOYSA-N,CC(C)NC(=O)C1=CC=CC=C1NC(=O)CC1=CC=C(Br)C=C1,0.307
YKLSTZWRVBALCY-ZTCCBMIJSA-N,C#CCOC(=O)[C@]12CCC(C)(C)C[C@H]1C1=CC[C@@H]3[C@@]4(C)CC[C@H](O)[C@@](C)(CO)[C@@H]4CC[C@@]3(C)[C@]1(C)CC2,0.377
UPTUKJDQDVLZKI-UHFFFAOYSA-N,O=C1C2=CC=CC=C2N=C(C2=CC=C(OS(=O)(=O)O)C=C2)N1CCCCN1C=C(CN2C(C3=CC=CC(OS(=O)(=O)O)=C3)=NC3=CC=CC=C3C2=O)N=N1,0.368
FIRIFVVVVQIBLD-UHFFFAOYSA-N,CC1=NN(C2=CC=C(C(=O)O)C=C2)C(=O)CC1,0.283
YIJBKFVBAAGOKC-UHFFFAOYSA-N,COC1=CC=C(NC(=S)/N=C(\N)NC2=NC(C)=C3C=CC=CC3=N2)C=C1,0.357
DVLFYONBTKHTER-UHFFFAOYSA-N,O=S(=O)(O)CCCN1CCOCC1,0.33
ZPTKNFQNGXAKOY-ZWKOTPCHSA-N,CC1=CC=CC(C(=O)N2C[C@@H]3CCN(C4=CC=CN=C4)C[C@@H]3C2)=C1,0.4
GWWIBRFSRCTQIQ-UHFFFAOYSA-N,COC1=CC=C(C(CNC(=O)C(C)OC2=CC=C(Br)C=C2)N2CCCC2)C=C1,0.42
RGKVPYQYBUAAEH-UHFFFAOYSA-N,CCCN1C(C2=CN=C(NC3=CC=C(C)N=C3)C(Cl)=C2)=NC2=CC=CC(Cl)=C12,0.333
JASCOAPMRJUIMY-WOJBJXKFSA-N,CC1=NC([C@](C)(O)C#CC2=CC=C3C(=C2)C2=C(SC(C(N)=O)=N2)[C@](C)(F)CO3)=NO1,0.353
AFUGPLVMIXYSOF-UHFFFAOYSA-N,COC1=CC=CC=C1C1=CC(C)=C(NC2=CC=NC(NC3=CC=C(C#N)C=C3)=N2)C(C)=C1,0.323
KPAFCNXCULLUIL-UHFFFAOYSA-N,O=C(C1=CC=C(S(=O)(=O)NC2=CC=CC=C2)C=C1)N1CCCC(C(F)(F)F)C1,0.31
MAQXTRHEMFUBDA-UHFFFAOYSA-N,O=C(C1=NC=CS1)N1CCN(C2CN(C(=O)C3=C(Cl)C4=CC=C(C(F)(F)F)C=C4S3)C2)CC1,0.417
DRFZSNBMKDNIIY-UHFFFAOYSA-N,O=C(NCC1CC1)C1=CC2=C(S1)CCN2C(=O)C1=CC=C(F)C=C1,0.37
JUEAHXPWDLGQON-RGKRWLCDSA-N,C[C@@]12CC3=CC=CC=C3CCC(CC3=CC=C(O)C=C13)C2N,0.343
PNKWWEGPNJVDEY-UHFFFAOYSA-N,Cl.Cl.N#CC1=CC=C(CN2C(CN3CCCC3)=NC3=CC=CC=C23)C=C1,0.427
MVAFKBZHAUFYDN-UHFFFAOYSA-N,CC1=CC(NC2(C(F)(F)F)N=C(C3=CC=CC=C3)NC2=O)=NO1,0.243
KKPZLFALOZLDOU-DOTOQJQBSA-N,NC(=O)[C@@H]1OC(=O)N2C3=CC=C(C4=CC=C(CN5C=NC=N5)N=C4)C=C3OC[C@@H]12,0.37
QFZMGUJABZECLU-XWDWZIQCSA-N,CC[C@H](C)[C@H](NC(=O)[C@H](C(C)C)[C@@H](O)[C@H](O)[C@H](CC(C)C)NC(=O)OCC1=CC=CC=C1)C(=O)NCC1=CC=CC=N1,0.39
PPVGQERWWBWIDQ-NKRMQULXSA-N,CO[C@@H]1CC[C@@]2(C)[C@@H](C1)C[C@@H](OS(=O)(=O)O)[C@@H]1[C@@H]2CC[C@@]2(C)[C@H]1CC[C@@H]2[C@H](C)CCC(=O)N1CCCC1,0.413
XDUMFDDLQURJLV-UHFFFAOYSA-N,S=C(NCCN1CCOCC1)NC1=CC=C2N=CN=C(NC3=CC=C(Cl)C=C3)C2=C1,0.3
ZYPFOSZGRDTEPJ-INIZCTEOSA-N,CN(C)C[C@H]1CCN2C(=C(C3=C(NC4=CC=CC=C4)C(=O)NC3=O)C3=CC=CC=C23)C1,0.287
QHSWZQPEERODAN-UHFFFAOYSA-N,CC1=CC=CC(C)=C1OC1=NN(NC2=CC=C(C#N)C=C2)C(=O)C=C1,0.403
PJLVYLNYNYETHK-UHFFFAOYSA-N,CCNC1CCCCC2=CC(=C(OC)C=C2)OC2=C(OC)C=CC(=C2)CC1,0.443
SDMZOGLOLYWQGF-UHFFFAOYSA-N,CC[S+]([O-])C1=NC2=CC=CC(C(=O)OC)=C2N1CC1=CC=C(C2=CC=CC=C2C2=NNN=N2)C=C1,0.34
UZJMOGLTRDKRCS-UHFFFAOYSA-N,Cl.NCC1=NN=C(S)O1,0.307
NBWSZUBDTQVNLG-RBBKRZOGSA-N,COC1=CC=C([C@@H]2CC3=CC(C(F)(F)F)=CC=C3N(CCN(C)C)C(=O)[C@@H]2OC(C)=O)C=C1,0.433
IONJPYUMFUUCGN-UHFFFAOYSA-N,IC1=CC=C(C2=CSC(NN=C3CCCCC3)=N2)C=C1,0.313
FYSGPFWNLRRMDV-UHFFFAOYSA-N,CCC(=O)N(CC1=CC(C(F)(F)F)=CC(C(F)(F)F)=C1)CC1=CN=CC=C1C1=CC=CC=C1,0.353
WRZWNGDNMKKPBC-UHFFFAOYSA-N,O=C(C1=CC=CC=C1)N(CC(O)CN1C2=CC=CC=C2C2=CC=CC=C12)C1=CC=C(C(F)(F)F)C=C1,0.34
LLKUTDWMTVLVHZ-JCMHNJIXSA-N,CN1/C(=N/NC(=O)C2=CC=CC(F)=C2)SC2=CC(OC(F)(F)F)=CC=C12,0.397
PDDJQTWBKGSXCD-UHFFFAOYSA-N,COC1=C(S(=O)(=O)N2CCCC2)C=CC(Cl)=C1Cl,0.38
MNQJBAQJEVQGPF-UHFFFAOYSA-N,CC1=C(C2=NN(C3=CC=CC=C3)C(C3=CC=CC=C3)C2)SC(C2=CC=CC=C2)=N1,0.323
CVFPVTDPQORHEL-UHFFFAOYSA-N,Cl.OC(CNC1CCCCCC1)C1=CC=C(Cl)C(Cl)=C1,0.38
MKNBYEROSHNHBQ-KVSWJAHQSA-N,COC1=CC(/C=N/NC(=O)C2=CC=C(C(F)(F)F)N=C2NC2=CC=C(Cl)C=C2)=CC(OC)=C1OC,0.35
FVSDFHKTRXNTNX-UHFFFAOYSA-N,COC1=CC=C(S(=O)(=O)N(CCC2=CC=CC=C2)CC(=O)O)C=C1Cl,0.387
GYHZBYPKMNZJKG-UHFFFAOYSA-N,CSC1=CC=CC(NC(=O)NC2=CC=CC3=CC=C(O)C=C23)=C1,0.36
FSUQKSUQIWZYJW-UHFFFAOYSA-N,CN1CCN(NC2=CC=C(S(=O)(=O)NC(=O)C3=CC=C(N4CCN(CC5=C(C6=CC=C(Cl)C=C6)CC(C)(C)CC5)CC4)C=C3OC3=CC=CC4=C3C=CN4)C=C2[N+](=O)[O-])CC1,0.47
FRJXMHKQNDNFBV-BZSXFTBESA-N,CC1=C(C)[C@@]2(C[C@@H](C)[C@H]3[C@H](C[C@@]4(C)C5=CC=C(C(C)(C)/C=C/C(=O)O)C(C)=C5C(=O)C[C@]34C)O2)OC1=O,0.277
ZKQKWXGNOYDRHH-UHFFFAOYSA-N,O=C(CC1=CC(Cl)=CC=C1O)NC1=CC=C([N+](=O)[O-])C=C1Cl,0.427
JESULJQFGFJISO-UHFFFAOYSA-N,CC1SC(C)(C)C(=O)N1CCCCN1CCN(C2=CN(C3=CC=CC=C3)C3=CC(F)=CC=C23)CC1,0.4
RRCPWGPIIDSJTM-UHFFFAOYSA-N,FC1=CC=C(CSC2=NN=C(CN3N=NC4=CC=CC=C34)O2)C=C1F,0.367
YGFPCFVUUSLJRZ-UHFFFAOYSA-N,CC(C)C1=CC=CC(C(C)C)=C1NC(=O)NCC1(C2=CC=C(N(CCO)CCO)C=C2)CCCC1,0.303
XTFONEFLPIUPRW-UHFFFAOYSA-N,O=C(NCC(C1=CC=CN=C1)N1CCN(C2=CC=C(F)C=C2)CC1)C1CCCCC1,0.42
FKEZNZQUWVVTHQ-UHFFFAOYSA-N,CNC1CN(C2=NC(N)=NC3=CC(C#N)=CN=C23)C1,0.407
KLUBFNJJJWONQA-UHFFFAOYSA-N,CC#CCOC1=CC=C(S(=O)(=O)CC2(C(=O)NO)CCCN(S(=O)(=O)CC3=CC=NC=C3)C2)C=C1,0.373
GKKSHWWDZSJINW-UHFFFAOYSA-N,CNC(=O)C1=CC(OC2=CC=C3N=C(NC4=CC=C(C5=CC=CN=C5)C=C4)N=CC3=C2)=CC=N1,0.347
PKQNMQSZDCVFLD-UHFFFAOYSA-N,CC1=NC=C(F)C=C1C1CCCN1C1=NC2=C(C(=O)NC3CCC3)C=NN2C=C1,0.44
LBOPEIJMGRKULM-KRCBVYEFSA-N,N[C@@H](CCC(=O)O)C(=O)NCCCCCC(=O)N[C@@H](CO)C(=O)NCCCOCCCCOCCCNC(=O)[C@H](CO)NC(=O)CCCCCNC(=O)[C@@H](N)CCC(=O)O,0.347
BSFRBDSIZRGQJQ-UHFFFAOYSA-N,CC1=CC(OCC2=NCCO2)=CC=C1Cl,0.377
ISYQRUPHFNFRMZ-UHFFFAOYSA-N,C1=CC=C(CN(C2=CC=C3NC=CC3=C2)C2CCCNC2)C=C1,0.417
GACZLMXVTORVRP-UHFFFAOYSA-N,CSC1=CN=C(OCCOC2=NC=NC(NS(=O)(=O)C3=CC=C(C(C)(C)C)C=C3)=C2C2=CC=NC=C2)N=C1,0.377
LAVDAHBRWQWCEE-WQRHYEAKSA-N,O=C(O)/C(O)=C/C(=O)C1=CC2=CC=CC=C2N1CC1=CC=CC=C1,0.363
HOBIGNJHUKZOQX-UHFFFAOYSA-N,CC1=NOC(C)=C1C(=O)N(C)CC1=NC(C2=CC=CC=N2)=NO1,0.35
XFOWEKUCAOAHPD-UHFFFAOYSA-N,O=C(C(=O)N1CCN(C(=O)C2=CC=CC=C2)CC1)C1=CNC2=C(C3=CSC=C3)C=CC(F)=C12,0.253
ANAOXQPNAIEGRU-UHFFFAOYSA-N,CC(C)COC1=CC=CC=C1C(=O)NC(CO)C(=O)O,0.357
TVRDBPADUACMGY-UHFFFAOYSA-N,CCCCCCSC1=CC(C2=C(NCC3=CC=CC=C3)N3C(=N2)C=CC(C)=C3)=CC=C1OC.O=C(O)C(F)(F)F,0.37
TUUDYGUVNIAEDD-UHFFFAOYSA-N,O=C(CN1CCNCC1)NCC1=CC=C2SC=CC2=C1,0.397
XVXCKHQWKUVAPE-UHFFFAOYSA-N,CC(NC(=O)C1=CC=C(S(N)(=O)=O)C=C1)C(=O)O,0.353
PCXIPRGEKJXOBL-UHFFFAOYSA-N,CC1=CC=CC(C2=CN(C)C=C2)=C1,0.27
INALXPSCMRQNIY-UHFFFAOYSA-N,CC1=CC=C2C(=C1)C1(CCNCC1)CC2NC1CC1.Cl.Cl,0.337
ZLJCOCPMGGSXRR-UHFFFAOYSA-N,O=C(O)C1CCN(C2=NC(C3=CC=C(Br)C=C3)=CS2)CC1,0.4
BKDMICIBSRKEST-UHFFFAOYSA-P,C[N+]1(CCC(=O)NC2=CC=C3C(=C2)C(=O)C2=CC(NC(=O)CC[N+]4(C)CCCCC4CO)=CC=C32)CCCCC1CO,0.283
XVOMFNLPAMISSW-UHFFFAOYSA-N,CCN(CCCN1CCCCC1)C1=CC(C)=NC(NC2=CC=C(C(F)(F)F)C=C2)=N1.O=C(O)C(F)(F)F,0.273
UPWIXROBQHXMSV-UHFFFAOYSA-N,CC1=CC(=O)N(C2=NN(C)C=C2)C1=O,0.28
VGXAUABGTLEXCN-UHFFFAOYSA-N,CCSC1=NN=NC2=C1SC1=NC(N3CCOCC3)=C3C(=C21)CCCC3,0.363
WMCUXVITTPCZQN-OAQYLSRUSA-N,CCOC1=CC=C(N2C([C@@H](C)N(CC3=CC=CN=C3)C(=O)CC3=CC=C(F)C(C(F)(F)F)=C3)=NC3=CC=CC=C3C2=O)C=C1,0.48
INUNXTSAACVKJS-NRFANRHFSA-N,C[C@@H](CN1CCOCC1)C(C(=O)N1CCCC1)(C1=CC=CC=C1)C1=CC=CC=C1,0.33
BYSBXIPCDJNEBG-INIZCTEOSA-N,N[C@@H](CCC(=O)NC1=CC=C(OCC2=CC=CC=C2)C=C1)C(=O)O,0.303
CVQCJPCMPGKEDH-UHFFFAOYSA-N,O=C(COC1=CC=CC=C1Cl)NC1=CC(Cl)=CC=C1C(=O)O,0.353
ILBNDUAYPWIWNI-CYBMUJFWSA-N,CC1=C(C2=CC=NN2)SC2=C(N[C@@H]3CCNC3)N=C(C3=CC=NC=C3)N=C12,0.32
JFTCGPFMAZOKGM-KXNHARMFSA-N,CCCN1[C@H](C(=O)OC)C[C@H]2CC[C@H](O)C[C@@H]12,0.35
VGEVGTWKOGDMJH-UHFFFAOYSA-N,CCOC1=CC=C2C(=NN=CC3=CC=CC(OC)=C3)C=C(C)NC2=C1,0.487
LZLAWIZBRZSTHY-UHFFFAOYSA-N,O=C(CCC(NC(=O)C1=CC(Cl)=CC(Cl)=C1)C(=O)N1CCC2(CCCC2)CC1)NCCN1CCOCC1,0.373
VZAJNAMCAWDCMR-UHFFFAOYSA-N,O=C1NC(=O)C2=C1C1=C(OC3=CC=CC=C3O1)C1=C2C2=CC(O)=CC=C2N1,0.397
DGBHLXYEPIJNFG-UHFFFAOYSA-N,CN1C(Cl)=C(C(=O)NC2=CC=C(Cl)C=C2)C2=CC=CC=C12,0.283
BFDUSAWMNSFLSO-SUUZZYOJSA-N,CCNC(=O)N(CC)C[C@H]1N[C@@](CC)(C(=O)OC)[C@H]2C(=O)N(CC3=CC=CC=C3)C(=O)[C@@H]12.O=C(O)C(F)(F)F,0.31
QUHZPVGXUMNKLN-UHFFFAOYSA-N,COCCOC1=CC=C(C2=NC3=CC=C(OC(F)(F)F)C=C3N2)N=C1,0.473
WLEPZPAKSFBFNK-UHFFFAOYSA-N,COC(=O)C1=C(O)C=C(O)C(Cl)=C1CCC(=O)N1CCC2=CC=CC=C12,0.39
XDXADVDZZWWNRR-UHFFFAOYSA-N,O=S(=O)(NCC1=CC=C(Cl)C=C1)C1=CC(Cl)=C(OC2=CC=CC(N3CCNCC3)=C2)S1,0.403
VRYMTAVOXVTQEF-UHFFFAOYSA-N,CC(=O)OC1=CC(C(C)C)=C(OCCN(C)C)C=C1C,0.383
PPJVCMCRSKLLKO-OEAKJJBVSA-N,C/C(=N\NC(=O)C1=CC=CC(S(=O)(=O)N2CCOCC2)=C1)C1=CC=C(OC(F)F)C=C1,0.397
GDCWMJWWRYTXNY-UHFFFAOYSA-N,CC(C)C(=O)NC1=CC=C2N=C(C3=CC=CC(Cl)=C3Cl)OC2=C1,0.313
OFBWCUWERYAJIG-CVEARBPZSA-N,O=CC1=CC=C([C@H](O)[C@H](O)CO)N1CCC1=CC=C(O)C=C1,0.273
HRWQNVARHISMJN-HTWIIDBLSA-N,CCCCNC(=O)CC(O)C(CC1=CC=CC=C1)NC(=O)[C@@H](NC(=O)CN1CCC(C(N)=O)(C2=CC=CC=C2)CC1)[C@@H](C)CC,0.303
YFRICIADHZUKMP-UHFFFAOYSA-N,CCN(CC)CCN(CC)C1=CC=C2C=C(C(=N)N)C(=O)OC2=C1.Cl,0.353
CHRQYHKDXOIBPC-SFHVURJKSA-N,O=C(NC1=CC(CN2C(=O)NC(=O)C3=CC=CC=C23)=CN=C1F)[C@H]1CCN(CC2=CC=NC=C2)C1,0.447
GBLRRACOKGGFKV-AXLPPOLRSA-N,CC[C@H](C)NC1=CC(C(=O)N[C@@H](CC2=CC=CC=C2)[C@H](O)[C@@H]2CCCN2)=CC(S(C)(=O)=O)=N1.Cl,0.313
UYGSTBVLPIFNCD-UHFFFAOYSA-N,O=C1C2=CC=CC=C2C2(C3=CC(C(F)(F)F)=CC(C(F)(F)F)=C3)NCCN12,0.253
GINWZNNPOTUXQY-VHXPQNKSSA-N,CC1=CC=C(S(=O)(=O)C2=CC3=CC=CC=C3O/C2=N\C2=CC=C3C(=C2)OCO3)C=C1,0.383
HNXZQKZCCDWHKO-UHFFFAOYSA-N,CC1(C)CC(C)(C)C2=CC(N/C(S)=N/C3=CC=C(S(N)(=O)=O)C=C3)=CC=C2S1,0.393
BYKSGIBZZYJFEU-UHFFFAOYSA-N,CC1=CC2=C(C=C1C1=CC=C(NCC3=C(F)C=CC=C3Cl)N=C1)OC(F)(F)O2,0.307
QLXYYFOZLXUJSU-UHFFFAOYSA-N,CC1CCN(C(C2=CC=CC=C2)C2=C(O)N3C(=NC(C4=CC=CO4)=N3)S2)CC1,0.33
YPFVCLDHXMFUMX-UHFFFAOYSA-N,COC(=O)C1=C(C)NC(C)=C1C1=CC=C(C)C=C1,0.323
ZKIWWIPUSMTEEJ-UHFFFAOYSA-N,O=C(CCC1=NC(C2=CC=CC=C2F)=NO1)NC1CCCCC1,0.307
IYKQEQLCCONZGW-UHFFFAOYSA-N,CCOCCC(=O)N1CCC2(CCNCC2CO)CC1,0.347
ACWNTJJUZAIOLW-BWXYOZBYSA-N,C=C(C)[C@@H]1CC[C@]2(C(=O)O)CC[C@]3(C)[C@H](CC[C@@H]4[C@@]5(C)CC[C@H](OC(C)=O)C(C)(C)[C@@H]5CC[C@@]34C)[C@@H]12,0.407
DIOINDUDAISFQH-UHFFFAOYSA-N,CC(C)(C)OC(=O)C1=C(N)SC2=C1CCCCC2,0.363
GDNDXNUOEVYPDM-SDHOMARFSA-N,CCCN(CCC)C(=O)C1=CC(C)=CC(C(=O)N[C@@H](CC2=CC(F)=CC(F)=C2)[C@H](O)[C@@H]2NCCNC2=O)=C1,0.333
OKVXWLFRHOXZPA-UHFFFAOYSA-N,O=C(OC1=CC=CC=C1)N1C(=O)NC=C(F)C1=O,0.307
GITDMVCYTPOEOY-IBGZPJMESA-N,COC1=CC=C([C@@H]2C=CCCN2S(=O)(=O)C2=CC=C(C)C=C2)C=C1,0.397
QIMIUNGNQNMMLJ-UYDCODMTSA-N,COC(=O)[C@@H](C)CC(=O)C[C@@H](C)C1=CC[C@@]2(C)[C@@H]3CC[C@H]4C(C)(C)[C@@H](O)CC[C@]4(C)C3=CC[C@]12C,0.403
AGIUPQUTLBAVDK-UHFFFAOYSA-N,CC(C)(C)OC(=O)NCCCCN(CCCN)C(=O)OC(C)(C)C,0.357
SUXOZCRIFFHZCQ-LJKQEARRSA-N,C[C@@H]1CN([C@H](C)CO)C(=O)C2=CC=CC(NC(=O)NC3=CC=C(C(F)(F)F)C=C3)=C2O[C@@H]1CN(C)S(=O)(=O)C1=CC=C(Cl)C=C1,0.287
HHWIWTYLCSYMPN-UHFFFAOYSA-N,NC1=NC(N)=C2C=C(S(=O)(=O)NC3=CC=C(Cl)C(Cl)=C3)C=CC2=N1,0.28
AIZTYZRNBCCRMR-UHFFFAOYSA-N,OC1=CC=C(CC2=NN=C3C=CC(C4=CC=CC=C4)=CN23)C=C1,0.313
WEPLQYDVWAVBRX-HNNXBMFYSA-N,COC1=CC2=C(C(OC)=C1OC)C1=CC=C(SC)C(=O)C=C1[C@@H](NC(=O)CNC(=O)C(F)(F)F)CC2,0.378
KPILUSAHPYZUAU-UHFFFAOYSA-N,COC1=CC=C(C(=O)N2CCC3(CC2)CCN(C2=CC=NC=C2)CC3)C=C1,0.363
UYCUSHGDWRMTBH-ROUUACIJSA-N,CCCCCCCCC1=CC=C(NC(=O)[C@@H](N)[C@@H](O)CC)C=C1,0.25
OYELBKDRZUAMQY-SHHOIMCASA-N,COC1=CC=C(CC(/C(=N/OCCCCC(=O)O)C2CCCCC2)N2C=CN=C2)C=C1,0.373
FQEKYKDBYAXLIL-UHFFFAOYSA-N,O=C1NCCCCC1NS(=O)(=O)C1=CC=CC=C1,0.323
ZRQUIFFSYFFJJZ-UHFFFAOYSA-N,O=C1NC2=CC=CC=C2/C1=N\NC(=O)C1=CC=CN=C1,0.33
PBORHGSPPFQEAL-LSDHHAIUSA-N,CC1=CC=C(CN(CC2=CC=CC=N2)C(=O)[C@H]2CC[C@@H](N)C2)S1,0.32
WQEXDIRUOYNDCM-UHFFFAOYSA-N,O=S(=O)(C1=CC=CC=C1)N1CCN(C2=NOC3=CC=CC(Cl)=C23)CC1,0.333
OXYCNDUOAUAOAC-IGMJJTELSA-N,COC(=O)[C@@]1(C)[C@H]2C(=O)N(C)C(=O)[C@H]2[C@H]2CN=C(SCC3=CC=C(C)C=C3)N12,0.273
NUKMHTJDIQPDCJ-UHFFFAOYSA-N,O=C(OCC1=COC2=CC(O)=CC(O)=C2C1=O)C1=CC=CC=C1,0.393
WWOMIMPYEWXPPS-UHFFFAOYSA-N,CCOC(=O)CC1=CC=C(N(CC)CC2=NC3=CC(C(F)(F)F)=CC=C3N=C2C2=CC=CC=C2)C=C1,0.333
LVPGSWWTOAVXNB-UHFFFAOYSA-N,O=CC1=CC=CC(C(=O)SC2=CC(Cl)=CC(Cl)=C2)=N1,0.433
BDLDSSMAHRDDGB-UHFFFAOYSA-N,CC(O)CCCCN1C(=O)C(CCOC2=CC=CC=C2CC(=O)O)OC2=CC=CC=C12,0.333
DKNPRPFGGWHHMX-UHFFFAOYSA-N,CCNC(=O)C1=CC=CC(NC(=O)CCC(=O)C2=CC(C)=CC=C2C)=C1,0.28
GWNPRPOEZOJFHO-UHFFFAOYSA-N,OC(COC1C2CC3CC(C2)CC1C3)CN1CCOCC1,0.34
SRRZEMVAQOSBLB-UHFFFAOYSA-N,C1=CC=C(CCN2C3CCC2CC3)N=C1,0.333
QHHLWRWNHQXBKD-UHFFFAOYSA-N,COC1=CC=CC=C1CNC(=O)C1CCC(CNS(=O)(=O)C2=CC=CS2)CC1,0.377
ZFZWERMXSWIPRQ-VWLOTQADSA-N,COC1=CC=C(C2=CC=CC(COC3=CC=C([C@H](CC(=O)O)C4=NC=CN4C)C=C3)=C2)C=C1,0.35
MILFXDLBQWNWQW-CYBMUJFWSA-N,CCC1=CC=C(S(=O)(=O)N2CC[C@@H](N)C2)C=C1CC,0.4
AEZXGOOZIUWETC-RIYZIHGNSA-N,CCOC(=O)C1=C(/N=C/N(C)C)SC2=C1CCC2,0.367
UWFDYAWULNEXBD-YULCGJSVSA-N,CO[C@H]1CC[C@@]2(C)C(=CC[C@H]3[C@@H]4CC=C([C@H](C)N(C)C=O)[C@@]4(C)CC[C@H]23)C1,0.51
NCJIYHBOSUBXEC-UHFFFAOYSA-N,CN(C)CCCCOC1=CC=CC=C1CCC1=CC=CC(Cl)=C1.Cl,0.39
VDHGNLSURRPLAT-LOSJGSFVSA-N,O=C(N[C@@H](C(=O)N1CCC[C@H]1C(=O)NC1=NC(C2=CC=CC=C2)=CS1)C1=CC=CC=C1)C1CCCCC1,0.29
LXEAMSGDMHPGRJ-UHFFFAOYSA-N,CC1(C)CCCC(C2=CC=C(Cl)C=C2)=C1CN1CCN(C2=CC=C(C(=O)NS(=O)(=O)C3=CC=C(NCC4CCOCC4)C([N+](=O)[O-])=C3)C(OC3=CN=C4NC=CC4=C3)=C2)CC1,0.427
QHSJBEKEFQKRGE-UHFFFAOYSA-N,CC(=O)SCCSP(=O)(OCC1=C(O)C=C(N2C=C(C)C(=O)NC2=O)O1)OC1=C(CO)OC(N2C=C(C)C(=O)NC2=O)=C1,0.377
OGNBARHGQVMGGX-UHFFFAOYSA-N,O=C(O)CC(NC(=O)C1=CN=CC=N1)C1=CC=CC=C1Cl,0.32
XXOCKOBQSMYTBC-UHFFFAOYSA-N,CC(=O)NC1=CC=C(OC(F)(F)C(F)F)C(NC(C)=O)=C1,0.343
QHIXZDPZNKHNBX-JKSUJKDBSA-N,COC1=CC=CC([C@H]2OC3=CC(O)=CC(O)=C3C(=O)[C@@H]2O)=C1,0.45
WCWQZLUHHJUUJM-UHFFFAOYSA-N,COC1=CC=C(CCNC2(C#N)CCCCC2)C=C1OC,0.39
CSYFJLPYVQTDCQ-MRXNPFEDSA-N,CN1C(=O)C2=C(N=C(N3CCC[C@@H](N)C3)N2CC2=CC(F)=CC=C2Cl)C2=CC=C(C(=O)O)C=C12,0.39
CBUCIBLCFPXWRB-UHFFFAOYSA-N,CC1(C)CC(NC(=S)NC2=CC=CC=C2)C2=CC(F)=CC=C2O1,0.303
NKFKYIYEPVAHIL-UHFFFAOYSA-N,CCC1=NC(C2CCCN2C(=O)CCN2C=NC=N2)=NO1,0.333
UYKWWWBGNUBPCF-VHXPQNKSSA-N,COCCCN1C(C2=CC=C(S(=O)(=O)N3CCOCC3)C=C2)=CS/C1=N\C1=CC=CC=C1,0.313
MXVAYAXIPRGORY-UHFFFAOYSA-N,ClC1=CC(Cl)=CC(C2=CC(Cl)=C(Cl)C(Cl)=C2)=C1,0.327
ZCMVVJGHNMLLND-UHFFFAOYSA-N,CCCN(CC(=O)N1CCN(C2CCN(C)CC2)CC1)C(=O)C1=NC2=CC=CC=C2N1CC1=CC=CC=C1,0.4
OZAWTZZRKOWGKL-UHFFFAOYSA-N,COCCCCC1(O)C2=NCCCN2C2=CC=CC=C12,0.403
NOTHLVOFIJJGMM-UHFFFAOYSA-N,COC1=CC=C2C=CC=C(CCNC(=O)C3CN(C(=O)C4=CC=NC=C4Cl)C3)C2=C1,0.517
CGXCANAUWNATLY-UHFFFAOYSA-N,CC1=CC=C(OCC(=O)N(CC2=NC(C3=CC=CC=N3)=NO2)C(C)C)C=C1,0.323
CWOOZDSAXNDAHB-GWNQARJWSA-N,CC(=O)C1=NN(CC(=O)N2[C@H](C(=O)NCC3CCCC(C(F)(F)F)C3)C[C@H]3C[C@@H]23)C2=CN=CC=C12,0.393
HOANBKZKJUWEFS-NEBGFLKFSA-N,O=C(N[C@@H]1O[C@H](CO)[C@@H](O)[C@H](O)[C@H]1O)C1=C(Br)C=CS1,0.29
UIHVCCIRURNIAB-UHFFFAOYSA-N,O=NNC1=CC=C(SSC2=CC=C(NN=O)C=C2)C=C1,0.307
ZXWUBJASPQKEAN-UHFFFAOYSA-N,NC(=O)C1=CC2=CC(CC3=CC=CC=C3)=C(C(F)(F)F)N=C2N=C1N,0.267
DGIPVFGDVQXNMS-UHFFFAOYSA-N,CCC(C1=CC=C(O)C=C1)C(CC(=O)OC)C1=CC=C(O)C=C1,0.403
NLHNOVPBFCSLAT-UHFFFAOYSA-N,CN1C(C(=O)NC2CCCC2)=NC(C2=CC=C(Cl)C=C2Cl)=C1C1=CC=C(Cl)C=C1,0.367
FEIDHNGSKVXYBH-UHFFFAOYSA-N,CN(CC1(C)COC1)C(=O)C1=CC(C2=NN(C)C=C2)=NC2=CC=CC=C12,0.383
SDKIBDZIDPFNHT-UHFFFAOYSA-N,CC(C)CC1=CC(C(=O)NCC2=CC=CN=C2)=NO1,0.35
BXZCHELXYNXCDS-UHFFFAOYSA-N,NC1=NN2C(=N1)NC(C1CC1)=C(CC1=CC=C(Cl)C(Cl)=C1)C2=O,0.34
ZNZNICRHPGQPCX-UHFFFAOYSA-N,C=CCN1C(=O)NC2(CCCCC2)C1=O,0.28
JKIRNPPDEQPHQE-UHFFFAOYSA-N,NCCCNCCCCNCCCCN1C(=O)C2=C3C(=CC=C2)C=CC=C3C1=O,0.277
VRFLASTXVGXXTO-UHFFFAOYSA-N,CC1=NN(C2=CC=C(NC3=CC(C4=NN(C)C=C4C)=CC=N3)C=C2)C(C)=N1,0.36
KMELZRUXHYVFBM-UHFFFAOYSA-N,CCN(CC(=O)NCC1=CC=C(F)C=C1)C(=O)C(C)OC1=CC=CC(Cl)=C1,0.417
RXZULUQRGUAOLG-OCDBVANQSA-N,O=C(O)CC/C=C\C/C=C\C[C@@H](O)/C=C/C=C/C=C\[C@@H](O)C/C=C\CCO,0.333
DHJSIGLFEZHWTN-UHFFFAOYSA-N,COC1=CC2=C(C(C3=CC=CC(C4=CC=CC=N4)=C3)=C(C3=CC=CS3)C(=O)N2)C=C1OC,0.42
QYQVBGWDHQUXNU-UHFFFAOYSA-N,COC1=CC=CC=C1NC(=O)C(=O)N1CCCC1,0.42
PIVPVCCOKPYBOP-FPLPWBNLSA-N,COC1=CC(/C=C\C2=CC=CC3=C2OC(=O)N3C)=CC(OC)=C1,0.407
SDMMTJGBQDTLSJ-SJPCQFCGSA-N,CC(OC1=CC=C(NC(=O)C2=CC=C(N3C[C@H](C)N[C@H](C)C3)C=C2)N=C1)C1=C(Cl)C=NC=C1Cl,0.47
HPVVKNNRNANXAZ-JUFIIOIISA-N,CNC[C@H](CC1CCCCC1)NC(=O)N1CCC[C@@H]([C@@](O)(CCCNC(=O)C2CC2)C2=CC=CC(Cl)=C2)C1,0.33
JXYOTCLICONIGY-UHFFFAOYSA-N,CC1=C(F)C=CC=C1C(=O)NC1=CC=CC=N1,0.307
RUGBZCTWKBEUNI-UHFFFAOYSA-N,CC1=CC(C)=NC(NC(=S)N2CCN(C3=CC=C4C=CC=CC4=C3)CC2)=C1,0.397
HRCVWKBCORXYFS-URYOQJBYSA-N,OC(CNC[C@H]1CC[C@H](C2=C3N(N=N2)C=NC2=C3C=CN2)CC1)C(F)(F)F,0.383
RDAYGBPKZORYGI-UHFFFAOYSA-N,O=C(C1=CC(F)=CC(F)=C1)C(O)C1=CC(F)=CC(F)=C1,0.353
ZYWYZKGAGFBZIZ-UHFFFAOYSA-N,CN(C)CCC1(C2=CC=CC=C2)OC=CC1=O.Cl,0.273
QNISRMHWDPVSJV-UHFFFAOYSA-N,COC1=CC(C2=NNC=C2C2=CC=C(OCC3=CC=CC=C3)C=C2)=CC(OC)=C1OC,0.377
OURWRKRFAJCZAV-UHFFFAOYSA-N,NC(CO)(CCC1=CC=C(C2=COC(C3=CC=C(C(F)(F)F)C=C3)=N2)C=C1)COP(=O)(O)O,0.32
QBHPBZZFBDVFFR-UHFFFAOYSA-N,CNC(=O)CSC1=NC2=CC=C(NC(=O)C3=CC=C(Cl)C=C3)C=C2S1,0.34
XUSDPLZITNXIBP-UHFFFAOYSA-N,CCOC1=CC2=[N+]([O-])C(C)(C)[N+]([O-])=C2C=C1,0.377
MYEIDQDVSWLKKZ-UHFFFAOYSA-N,O=C(O)C1=CC=NC(N2N=CC=C2OC2CCCC3=CC(Cl)=CC=C23)=C1,0.443
SJGMTSWAPUKQDL-UHFFFAOYSA-N,COC1=CC=C2N=C3C=C(Cl)C=CC3=C(NCCCN(CCCNC3=C4C(=NC5=CC(Cl)=CC=C35)C=CC(OC)=C4)CC3=CC=C(Br)O3)C2=C1,0.44
AKVQZCLFNIRFEL-UDISHMIDSA-N,C[C@]12CC[C@H](S)C[C@H]1CCC1C3=CC[C@H](C4=CC(=O)OC4)[C@@]3(C)CCC21,0.33
YWTJHJYWEVKHSQ-UHFFFAOYSA-N,CCC1CCN(C(=O)C(CCCN=C(N)N)NS(=O)(=O)C2=CC=C3C=CC(OC)=CC3=C2)C(C(=O)O)C1,0.423
GWERFVJRQFKXQG-UHFFFAOYSA-N,CCN1N=CN2C(C3=CC=C(F)C(C4=CC=C(F)C=C4C#N)=C3)=CN=C2C1=O,0.403
YNYWZJHDGUKXRP-UHFFFAOYSA-N,FC1=CC=C(N2CCN(C3CCC4CCCCC4C3)CC2)C=C1,0.397
LONYNNVHDVPQNH-VEILYXNESA-N,COC1=CC=C(C(=O)N/C(=C\C2=CC=CC3=CC=CC=C23)C(=O)NCCC2=CNC3=CC=CC=C23)C=C1OC,0.483
HGXVOQYDMPTWTI-UHFFFAOYSA-N,CC1=NOC(C)=C1C(C1=CC=C(C(C)C)C=C1)N1CC[N+](C)(C)CC1,0.363
BSBPRYCGNNRLJB-LUEVFRQOSA-N,CC(C)C[C@H](NC(=O)OCC1=CC=CC=C1)C(=O)N[C@@H](CCC(=O)O)C(=O)N[C@H](C(=O)NN(CC(=O)O)C(=O)/C=C/C(=O)OCC1=CC=CC=C1)[C@@H](C)O,0.34
NNKGFSWETFSILT-IUXPMGMMSA-N,COC1=CC=C(C2=CC=C3C(=C2)O/C(=C\C2=CSC=C2)C3=O)C=N1,0.413
ZCECJELGEOTJQW-UHFFFAOYSA-N,CC1=CC=C(C2=NN=C(C3=CC=C(CN4CCN(CCN)CC4)C(C(F)(F)F)=C3)O2)C=C1NC1=NC=CC(C2=CC=CN=C2)=N1,0.323
SFMBZXLPYFCTAU-RMDVGAJOSA-N,CC(=O)N1[C@@H]2C3=CC=C(/C=C/C4=CC=CC=C4)C(=O)N3C[C@H]1[C@H](CO)[C@H]2C(=O)N(C)C,0.357
SMXTVTKALJLBPD-UHFFFAOYSA-O,CNC1=CC(/C=C/C2=C(C)NC3=CC=CC=C23)=[N+](C)C2=CC=CC=C12,0.407
IYRJIIMFVYIBHM-VAWYXSNFSA-N,CCOC(=O)N1CCN(C(=O)/C=C/C2=C3C(=CC4=CC=CC=C24)C=CC=C3)CC1,0.423
QBSNBQQWRUSRPH-SNAWJCMRSA-N,CN(C/C=C/C1=CC=C(F)C=C1)CC1=COC2=CC=CC=C12,0.43
PYHQRWGUQOENPZ-UHFFFAOYSA-N,CCOC1=CC=CC=C1C=C1C2=CC=CC=C2C(=O)C2=CC=CC=C12,0.393
OOWGEGYPCQGHJZ-UHFFFAOYSA-N,OCCNC1=CN=CC(C2=CC3=C(C=N2)C=NN3C2=CC=CC(N3CCNCC3)=N2)=N1,0.54
URGBWOONWGBUDF-UHFFFAOYSA-N,COC1=CC(CN2CCCC(CCC(=O)NCC3=CC=C(C)O3)C2)=CC2=C1OCO2,0.403
CFUYGGPBOBIHRG-UHFFFAOYSA-N,O=C(C(=O)N1CCC2=CC=CC=C12)C1=CNC2=CC=CC=C12,0.353
ZMONKGJOFYGVRE-OHDFALRFSA-N,CC(=O)NC(C(=O)NCCCC(NC(=O)C1=CC2=CC=CC=C2N1)C(=O)N[C@H](CC1=CC=CC=C1)C(=O)N(C)CC1=CC=CC=C1)[C@@H](C)O,0.38
OAVFKAHCLBNXSU-UHFFFAOYSA-N,CC1=NN=C(SC(C)C(=O)NC2=NC=CS2)S1,0.363
ITLXLQIYXORZBH-KRWDZBQOSA-N,CC1=CSC2=CC([C@H](C)NC3=NC=NC(N)=C3C#N)=C(CC3=CC=CC(CN4CCC4)=C3)C(=O)N12,0.427
DKDDVQGTCDYMBJ-UHFFFAOYSA-N,CC1=NN=C(SCC(=O)NC2=C(C(N)=O)C=CS2)N1CC1=CC=CC=C1,0.22
YPDMZTAHAUZDKO-JZBRPHLYSA-N,CSCC(O/N=C(\C(=O)N[C@@H]1C(=O)N(OS(=O)(=O)O)C1(C)C)C1=CSC(N)=N1)C1=CC(=O)C(O)=CN1O,0.398
WAIYJGWQTGVSJY-UHFFFAOYSA-N,C1=CC=C(P(=C2C3=CC=CC=C3C3=CC=CC=C23)(C2=CC=CC=C2)C2=CC=CC=C2)C=C1,0.27
HXGOZZCNWIRGDR-UHFFFAOYSA-N,CN(C)C1=CC(C2=C(CC(=O)O)SC(C(C3=CC=C(F)C=C3)C3=CC=C(F)C=C3)=N2)=CC=N1,0.297
YJCXNBBFFCXASC-ZEQRLZLVSA-N,COC1=CC=C(C(=O)C2CCN([C@H]3CN(CC4=CC=CC=C4)CC[C@@H]3O)CC2)C=C1,0.4
OTTDOZLQGARJRG-UHFFFAOYSA-N,C1=CC=C2C(NCCCCCCNC3=C4C(=NC5=CC=CC=C35)CCC4)=C3C(=NC2=C1)CCC3,0.403
LOICDZVVRHOLQF-UHFFFAOYSA-N,N#CC1=CC=CC=C1N1CCCN(C(=O)CCC2=CSC=C2)CC1,0.397
YWHFBAAAAXXROH-UHFFFAOYSA-N,NCCCN1C(=O)C2=C(N=C3C=CC=CN23)N(CC2=CC=CC=C2)C1=O,0.28
ZOQHBTXVQKGTDU-UHFFFAOYSA-N,CC1(C)NC(N)=NC(=N)N1OCCCOC1=CC=CC(Cl)=C1,0.337
WFDVOZUFGQXBMN-GICOJTESSA-N,C/C(=C1/CCOC1=O)[C@@H](O)[C@@H]1OCC[C@@H](O)[C@H]1O,0.287
FKVJZEWHJURNAD-BHDDXSALSA-N,CCCCOC1=CC=C([C@@H]2C3=CC=CC=C3[C@H]3NCCC[C@@H]23)C=C1,0.347
ICZJHRYDJKYLQD-YTZAWJCFSA-N,CO[C@H]1CN(C)C(=O)C2=CC=C(NC(=O)C3CC3)C=C2OC[C@H](C)N(C(=O)C2=CC=CC=N2)C[C@H]1C,0.333
HXROWJFHWUQPAL-NXLLHMKUSA-N,O=C(/C=C/C1=CC=C(OS(=O)(=O)O)C(OS(=O)(=O)O)=C1)O[C@@H]1C[C@](OS(=O)(=O)O)(C(=O)O)C[C@@H](OS(=O)(=O)O)[C@H]1OS(=O)(=O)O,0.447
GZNCFRBAWXAROU-UHFFFAOYSA-N,OC1=NN=C(CC2=CC=C3C=CC=CC3=N2)C2=CC=CC=C12,0.443
JZBDYCMBOWBSIO-UHFFFAOYSA-N,COC1=CC=C(CN2CCCC(N3C=C(C(=O)NC4CCCC4)N=N3)C2)C(O)=C1,0.483
GJVIERLLMILFBX-UHFFFAOYSA-N,CCN1C=NC2=C1C(=O)NC(=O)N2CC1=CC=C(CNS(=O)(=O)C2=CC=CC(C3=CC=CC=C3)=C2)C=C1,0.413
SUTWUYBMBWPLMW-MDWZMJQESA-N,CCCCNC(=S)N/N=C/C1=C(C)C=CS1,0.387
RYIDKSWQOIOIRY-WKILWMFISA-N,N[C@H]1CC[C@H](NC(=O)C2=NC(Br)=C3C=CC=NC3=C2NCC2=CC=C(F)C=C2)CC1,0.4
ZWKAPACSPOCNQE-UHFFFAOYSA-N,COCC1CC2CCC(C1)N2C1=NC(N2CCC(C(N)=O)C2)=NC2=C1C(C1=CC=CC=C1OC)=CS2,0.397
AVKFJGHNZWYFBR-GQTPQPSSSA-N,CC(C)[C@H](NC(=O)[C@H](CC1=CC=CC=C1)C[C@H](O)[C@H](CC1=CC=CC=C1)NC(=O)OC(C)(C)C)C(=O)NCC(O)CO,0.34
PMQKOMRVCJPMLV-RBUKOAKNSA-N,CC1=CC(S(=O)(=O)N[C@H]2CCN([C@H](CC3=CC4=CC=NC(N)=C4C=C3OC(F)(F)F)C(=O)O)C2=O)=CN=C1N(C)C,0.387
LWZPTPFCZNCGBD-UHFFFAOYSA-N,COC1=CC=CC(CNC(=O)C2=CC=C(N3CCOCC3)C([N+](=O)[O-])=C2)=C1,0.447
PITZTJMRXGGMPN-UHFFFAOYSA-N,CCN(CC)CCOC1=CC2=C(C=CC(=O)O2)C=C1OC,0.473
BXDOISZIOCCOSD-UHFFFAOYSA-N,COC1=CC(C2=NN(C3CCN(C4CCOCC4)CC3)C3=NC=NC(N)=C23)=CC=C1NC(=O)C1=CC2=CC(C#N)=CC=C2N1C,0.377
JGOMOURYXGBGLP-UHFFFAOYSA-N,COC1=CC(C2CC(C3=CC(OC)=C(OC)C(OC)=C3)=NN2C)=CC=C1O,0.47
KMLCAXOEHCQJRO-UHFFFAOYSA-N,CN(CCCC1=CNC2=CC=C(F)C=C12)C1COC2=CC=C3C(=C2C1)C(=O)NCC3,0.381
XCDQISLHKSKFLH-PWCZCSLDSA-N,CC1=C[C@H]2CC3=C(C=CC(=O)N3)[C@@]3(C1)[C@@H]2CCCN3C(=O)CCN(C)CCCCCCCCN(C)CCC(=O)N1CCC[C@@H]2[C@H]3C=C(C)C[C@@]12C1=C(NC(=O)C=C1)C3,0.291
VXAOVZOZTWLVDB-BJMVGYQFSA-N,O=C(/C=C/C1=CC=CC=C1Cl)NC1=CC=C(O)C=C1,0.33
BDKCBNKKZXWGBC-UHFFFAOYSA-N,O=C1NCC2=CC(C#CC3=CC=C(F)C=C3)=CC=C12,0.344
SZYQCCZQMOWZEU-UHFFFAOYSA-N,CC1=CC(C)=C(S(=O)(=O)N2CCOC23CCN(S(C)(=O)=O)CC3)C(C)=C1,0.323
OFXXBNQORFRNFR-UHFFFAOYSA-N,OCCC1CN(CC2=CC3=C(C=C2Cl)OCO3)CCN1C1CCCC1,0.42
KBAQOTQHZALTMH-WPWMEQJKSA-N,CC1=CC=C(/C=N/NC(=O)CCN2CCN(C3=CC=NC4=CC(Cl)=CC=C34)CC2)C=C1,0.413
FHIKEQNYVZSIEI-KYJUHHDHSA-N,CC(C)C[C@@H](C(=O)N[C@@H](CC1=CC=C(OC(=O)C2=CC=CC=C2)C=C1)C(=O)NC(C)(C)C)N(C)CC1=CC=CC=C1Cl,0.307
FNHSXSFGOZAWBM-UHFFFAOYSA-N,CC(=O)NC1=NN=C(CSCC2=CC=CC=C2F)S1,0.35
VDUWUDNNQOTQJY-UHFFFAOYSA-N,C1=CC2=CC(C3=C(C4=CSC=C4)ON=C3C3=CC=C4C(=C3)OCO4)=CC=C2N1,0.427
WUVJSEREYUFVKJ-ZBJMMJAPSA-N,CC(C)(O)C1=CC=CC=C1CC[C@@H](SCC1(CC(=O)O)CC1)C1=CC=CC(/C=C/C2=NC(C3=CC=C(F)C=C3)=CS2)=C1,0.363
ZELWNOUFNSTJBZ-UHFFFAOYSA-N,CCOC1=CC=C2N=C(NC(=O)C(=O)C(C(=O)C3=CC=CC=C3F)C3OC(=O)C4=CC=CC=C34)SC2=C1,0.32
QGZGXGGLQSWROG-UHFFFAOYSA-N,O=C1NC2=NC=C(C3=CC=C4NC=CC4=C3)N=C2N1CC1CCCCC1,0.42
JJRKTSPBEWBPMR-CEXWTWQISA-N,CC(=O)N[C@@H](CC(C)C)C(=O)N[C@H](CC(C)C)C(=O)N[C@@H](C=O)CCC(=O)OC(C)(C)C,0.38
LLZFPXYQEGYODU-UHFFFAOYSA-N,CC1CC(C)(C)N=C(S)N1CCC(=O)N1CCN(CC2=CC=CC=C2)CC1,0.267
BRAYPVFMFWTUKN-JOBXNTDGSA-N,C[C@]12CC[C@H]3[C@@H](CC[C@H]4NC(=O)CC[C@]34C)[C@@H]1CC[C@@H](N1C=NC3=C(N(CCO)CCO)N=C(Cl)N=C13)O2,0.36
VBCRJDNMBJIINH-WUXNSVGLSA-N,CCC(=O)OC(OP(=O)(OC(OC(=O)CC)C(C)C)C(CCC/C=C(\C)CC/C=C(\C)CCC=C(C)C)S(=O)(=O)O)C(C)C,0.363
IMQLMEGDRFUMLA-UHFFFAOYSA-N,CC1=CC=CC=C1C1=CN2C(=C1)C(NC1=CC=NC=C1)=NC=N2,0.273
MQKSZWYYHGTHIV-UHFFFAOYSA-N,CC(C)NS(=O)(=O)C1=CC=C(OCC(=O)NC2=CC=CC=C2F)C=C1,0.39
MPONXFAKJYAZSY-UHFFFAOYSA-N,CC(=O)OC1=C(C)C=CC=C1C(=O)NC1=NC=C([N+](=O)[O-])S1,0.423
GOEVKCKHFBODJY-UHFFFAOYSA-N,CN1C(SCC(=O)NC2=CC=CC=C2Br)=NN=C1C1=CN=CC=N1,0.387
MBQZCRIKUPDPSI-UHFFFAOYSA-N,O=C(O)C1=CC=CC(CN2C(=O)CC(C3=CC=CC=C3)SC3=CC=CC=C23)=C1,0.327
NMSIJMKFXSWEOR-UHFFFAOYSA-N,CC(=O)NC1=CC=C(S(=O)(=O)N(C)CC(=O)OC(C)C(=O)NC2CCCC2)C=C1,0.39
BFNQHIJJIFTQCT-UHFFFAOYSA-N,CC(O)(COC1=CC=C(F)C=C1F)C(=O)NC1=CC=C(C#N)C=C1C(F)(F)F,0.413
CFAJCUCOHAWNJJ-UHFFFAOYSA-N,CNC1=CC(NS(C)(=O)=O)=CC=C1NC1=C2C(=NC3=CC=CC=C13)C=CC(C)=C2,0.253
WUILLEJRRYSPRZ-CTHHTMFSSA-N,N=C(N)N[C@@H]1CC2=CC=CC=C2[C@H]1NC(=O)C(=O)NC1=CC=C(Cl)C(F)=C1.O=CO,0.333
RIJGXYIRUNBEJG-UHFFFAOYSA-N,OC1=CC=C(CC2CCN(CCC#CC3=CC=CC=C3)CC2)C=C1,0.35
SKAYGFFLRFARDX-OZIXAUCHSA-N,O=C(OC[C@]1(C2=CC=CC=C2)CC[C@H](N2CCC(C3=CC=C(F)C=C3)CC2)CC1)C1=CC(C(F)(F)F)=CC(C(F)(F)F)=C1,0.42
KIBICQVMFUXHBE-UHFFFAOYSA-N,CCCN(CCN1CCN(C2=CC=CC=N2)CC1)C1CCC2=CC=C(O)C=C2C1,0.307
SIMOEFIOKHUVBO-UHFFFAOYSA-N,CC1(C)OCC2=C(NC3=NNC4=C(Cl)C=CC=C34)N=C(C3=C(C(F)F)NN=C3)N=C12,0.347
JGGVCLFLOLHMSW-UHFFFAOYSA-N,CNC(=O)C1=CC=CC2=C1N=C(C1=CC=CC=C1O)N2CC1=CC=CC=C1,0.237
JAKMBNUDCZLPEN-UHFFFAOYSA-N,CC(C)C1=CC=C(C2=C(C#N)C(N)=NC(SCC(=O)N3CCCCCC3)=C2C#N)C=C1,0.343
CXVQTAXBJPZJHU-UHFFFAOYSA-N,O=C(NCCC1CN(CC2=CNC=N2)CCO1)C1=CC=CC=C1O,0.39
VBOOWEPYXWAHBC-UHFFFAOYSA-N,CC1=CC=CN2C(=O)C3=C(SC(C(=O)NCC(C)C)=C3)N=C12,0.343
YWUIURMXEQXMRN-UHFFFAOYSA-N,CN(C)CCCN1C2=CC=CC=C2CCC2=CC=C(CCCOCC3=CC=CC4=CC=CC=C34)C=C12,0.37
NEEOLTLKERUGGM-UHFFFAOYSA-N,CC1=CC=C(OCCOCCN(C)C)C(Cl)=C1.O=C(O)C(=O)O,0.383
ZCODZCCHEGPLFA-UHFFFAOYSA-N,CCC1C(=O)N2C=CSC2=[N+](CC2=CC=C(Cl)C=C2)C1=O,0.227
JMWXCKBNMITSIN-SJORKVTESA-N,CC1=NOC(C)=C1CN1CCO[C@H]2CN(CC3=CN(C)N=C3)C[C@@H]12,0.357
QJVMAVUCABDIBY-UHFFFAOYSA-N,CCN(CC)CC1=COC(C2=CC=C(C)C=C2)=N1,0.313
WDXRGPWQVHZTQJ-WUNHTLNSSA-N,C/C=C1\C(=O)C[C@@H]2[C@@H]3CCC4=CC(=O)CC[C@@]4(C)[C@H]3CC[C@@]12C,0.36
SVRJEAMALKPJOQ-UHFFFAOYSA-N,O=C(COC(=O)CN1C(=O)NC2(CCCCC2)C1=O)NC1=CC(F)=CC=C1F,0.33
HLLKPHMFUJARJP-ZEMFGHSESA-N,N[C@H](C(=O)N[C@H]1CCC(=O)N(CC(=O)O)C1=O)C1CCCN1,0.317
LKHZFAIMPYYKTE-UHFFFAOYSA-N,CC1=C(CC#N)N2C(=N1)C(OCC1=CC=C(F)C=C1)=CC=C2,0.37
DVBXFRSRFUTZTN-UHFFFAOYSA-N,CCC1=CC=C(I)C(CC)=C1NC(=O)CN(CC(=O)O)CC(=O)O,0.307
FANFUDBBDAWKMK-LHWQALLBSA-N,N=C1C2=C(SC=C2)N=C2N1CC/C2=C\C1=CC=CC=C1Br,0.37
KHQQULAVVRIZOK-UHFFFAOYSA-N,CCN(CC)S(=O)(=O)C1=CC=C(C(=O)NCCCNC2=NS(=O)(=O)C3=CC=CC=C23)C=C1,0.433
OOZYTONLGPPKPM-WJOKGBTCSA-N,O=C(N[C@H](CC1=CNC2=CC=CC=C12)C(=O)NC1=CC=NC=C1)C1=CC=C(N2CCN(C3=CC=CC(C(F)(F)F)=C3)CC2)C=C1F,0.4
DQUIDHIGYCDUAW-UHFFFAOYSA-N,CCCCC(C)(O)C1CCC(N2C(=O)CC3=CC(OC)=C(OC(C)C)C=C3C2C2=CC=C(Cl)C=C2)CC1,0.423
GBBWQFWDULNWTL-FMIVXFBMSA-N,N#C/C(=C\C1=CC=CS1)C(=O)C1=CC=CC=C1,0.37
KRIRSNPOXFHZIB-UHFFFAOYSA-N,CCNC(=O)CC1=CC=C(C2=CC=CC=C2)C=C1,0.263
RRGGUNBHDQHVMD-UHFFFAOYSA-N,CC1=NC2=C(C3=C(S2)C(NCC2=CC=CC=C2)=NN3C)C(C)=C1Cl,0.327
SBHSPVCXPBMFDR-UHFFFAOYSA-N,CC(O)C1=CC2=C(S1)C(=O)C1=C(C(C(C)O)=CS1)C2=O,0.303
HKTXFVWXZLHUBT-GNVNBFNNSA-N,COC1=CC2=C(C3=C1C(=O)C1=CC(C)=CC=C1O3)[C@@H](OC(=O)C13CCC(C)(C(=O)O1)C3(C)C)[C@@H](OC(=O)C13CCC(C)(C(=O)O1)C3(C)C)C(C)(C)O2,0.383
DBXNGDMPZVOHPX-UHFFFAOYSA-N,FC1=CC=C(OC2=CC=C(C3=NC(NCCCN4C=CN=C4)=NC4=CC=CC=C34)C=C2)C=C1,0.4
KHEVEQJKEGRYGK-QXONTCKQSA-N,COCCN1C(=O)C2(N=C1N)C1=CC(CCC(C)C)=CC=C1C[C@]21CC[C@@H](OC)CC1,0.353
LSFBCBMXEQIMMD-LWOKBORYSA-N,CC1=CN([C@H]2C=C[C@@H](COP3(=O)OCC4=CC(C=O)=CC(C(C)(C)C)=C4O3)O2)C(=O)NC1=O,0.35
PBQDGEKTDHPEJT-UHFFFAOYSA-N,CNC(=O)C1=CC(OC2=CC=C(NC(=O)C3=CC=C(OC)C=C3)C=C2)=CC=C1N,0.323
ROINLXVKCNAWIS-HTHPJJGESA-N,COC(=O)C(CC1=CC=CC=C1)NC(=O)[C@]12CC[C@@H](C)[C@H](C)[C@H]1C1=CC[C@@H]3[C@@]4(C)CC5=CN=CN=C5C(C)(C)[C@@H]4CC[C@@]3(C)[C@]1(C)CC2,0.41
BSEVBDOXBOJIQR-OCSSWDANSA-N,CC1=CC=C(CC2=NN(CC(=O)N/N=C/C3=CC=CN3)C(=O)N2CCC2=CNC3=CC=CC=C23)C=C1,0.31
UPXUTRFDGOIDJI-UHFFFAOYSA-N,O=C(O)C(F)(F)F.C1=CC(CNCC2CN3N=NC=C3CO2)=CO1,0.363
JOWKQUOOCIUAMD-UHFFFAOYSA-N,CC(C)(C)CC(=O)N1CCC(N2N=CC3=C(OC4=CC=C(S(C)(=O)=O)C=C4)N=CN=C23)CC1,0.533
QORKFWILWPYIJT-CLOONOSVSA-N,CCOC(=O)[C@@]1(CC2=CC=C(OCC3=CC(C)=NC4=CC=CC=C34)C(F)=C2)C[C@@H]1C(=O)NO,0.387
CZQJZCHADYYLAF-FDDCHVKYSA-N,COC1=CC=C(OC[C@@]2(C3=CC=CC=C3)C[C@H]2C(=O)NC2=NOC(C)=C2)C=C1OC,0.367
IQJRRHANLCJZMZ-IJBPNXEISA-N,CC(C)CO/N=C1\C[C@@H](O)[C@@H](O)[C@H]2[C@@H]1CC[C@H]1C(=O)N(C3=CC=C(F)C=C3F)C(=O)[C@@H]21,0.397
YQKRUFIYOUBDLA-UHFFFAOYSA-N,O=C(CCC1=NC2=CC=CN=C2N1)NC1=CC=C2C(=C1)OCC(=O)N2,0.343
CXMVMWOAQBDGKE-UHFFFAOYSA-N,CCOC(=O)C1=C(NC(=O)C2=C(N(C)C)N=C(NC3=CC=CC=C3)S2)SC2=C1CCCC2,0.267
CCBFOQGVIFFPHI-UHFFFAOYSA-N,N#CC1=CC=C2NC=C(CCCCN3CCN(C4=CC=CC5=NC6=C(C(N)=C45)CCC6)CC3)C2=C1,0.43
JYEYMCMIADJBBB-DJKKODMXSA-N,O=C(O)C1=CC=CC=C1O/N=C/C1=CC=CC(C(F)(F)F)=C1,0.423
SCUGGJJXJHUTKH-UHFFFAOYSA-N,COC1=CC(NC2=NC=C(C3=CC=CC=C3N(C)C(=O)CN3CCOCC3)O2)=CC=C1C1=COC=N1,0.377
CMHQDSBIBSKHFP-UHFFFAOYSA-N,O=C(O)C1=CCCN(CCOC(C2=CC=C(C(F)(F)F)C=C2)C2=CC=C(C(F)(F)F)C=C2)C1,0.35
YQUMUENGLFKEDT-UHFFFAOYSA-N,COC1=CC=CC=C1C1=NN=C(C2=CC=C(C(=O)NNS(=O)(=O)C3=CC(Cl)=C(Cl)C=C3Cl)C=C2)O1,0.41
ZTWFTDPXHKZXGN-UHFFFAOYSA-N,BrC1=CC=CC=C1N1C=C(CN2CCN(C3=NC4=CC=CC=C4C4=CC=CC=C34)CC2)N=N1,0.433
SFBCUCSYEFFAGV-UHFFFAOYSA-N,CC(=O)N1CCC(C2=CC=NC(NC3=CN=CC=N3)=N2)C1,0.423
GBGOLZBCTGKYRE-UHFFFAOYSA-N,CCCCCCOC(=O)NC1=CC=C(NCC2=CC=C(F)C=C2)N=C1N,0.37
QRKNYINSBXBIGH-UHFFFAOYSA-N,COC1=CC=CC=C1CN=C(S)NC1=CC=C(S(N)(=O)=O)C=C1,0.403
UNMPPPGEZMOFAY-UHFFFAOYSA-N,O=C1C2=CC=CC=C2N=C(CCC2=CNC3=CC=CC=C23)N1C1=CC=CC(Br)=C1,0.437
YVKRFZYIMJJBFA-UHFFFAOYSA-N,CC(=O)NC1=C2C(=NN1C1=CC=CC=C1)C[S+]([O-])C2,0.407
PUODBHNSIZAAAP-UHFFFAOYSA-N,CN(C)S(=O)(=O)C1=CC=C(C(=O)NCCSC2=CC=CC=C2)C=C1,0.36
RGWGQAIGACORTH-UHFFFAOYSA-N,CCC(=O)NN1C=NC2=C(C1=O)C1(CCCCC1)CC1=CC=CC=C21,0.313
WQKUVKYSJGFULB-UHFFFAOYSA-N,COC1=CC2=C(C(C)=C(CC(=O)NCCC3=CC=CC=C3F)C(=O)O2)C=C1OC,0.387
QNKOKCUOLJOQDF-UHFFFAOYSA-N,O=C(CSC1=NC2=CN=C(Cl)N=C2N1C1=CC=C(C2CC2)C2=CC=CC=C12)NC1=CC=C(C(F)(F)F)C=C1,0.463
SAGWNXBYZYNMDZ-UHFFFAOYSA-N,O=C(O)C1=CC(COC2=CC=C(C3=CC=CC=C3)C=C2)=C(C(F)(F)F)O1,0.327
HAOJSTOAECRQGW-WWQQVGJXSA-N,CCCCN(C)/C(CC)=N/C1=CC=C2C(=C1)C(=O)C1=CC=C(/N=C(\CC)N(C)CCCC)C=C1C2=O,0.27
PWYXPDSKZHIDIQ-UHFFFAOYSA-N,CC(NC(=O)C1=CC=C(NC(=O)N2CC3=CC=CC=C3C2)C=C1)C1(C)CC1,0.357
YZQZXLROYFNFQE-QTGUNEKASA-N,CN1CC[C@]23CCCC[C@H]2[C@H]1CC1=CC=C(OC2=CC=CC=C2F)C=C31,0.373
QCOOGLXBUANRGO-MISDAEJGSA-N,CSC1=CC2=C(C(=O)C3=CC=C([C@H]4C[C@@H](O)[C@H](O)[C@@H](C)O4)C(O)=C3C2=O)[C@@]2(O)C(=O)C=C(C)C[C@@]12O,0.34
LDTYCPIQHHHNCK-UHFFFAOYSA-N,CC(C)OC1=CC=NC2=CC=C(C#CCNC(=O)C3=CC=CN(CC4=CC=C(F)C(F)=C4)C3=O)C=C12,0.463
SNTZEUMNYVXVSL-UHFFFAOYSA-N,COC1=CC=CC=C1N1CCN(C(=O)C2=NOC(CC(C)C)=C2)CC1,0.413
AJXWRHSYGALQIU-UHFFFAOYSA-N,NC1=NC(S)=C2N=CN(C3CC(O)C(CO)C3)C2=N1,0.357
NYEUCFWPMRQBAH-QFIPXVFZSA-N,O=C(O)COC1=CC=CC2=C1CC[C@H](CN1C=C(C(C3=CC=CC=C3)C3=CC=CC=C3)C=CC1=O)C2,0.368
WYNUBLAIBVYKTR-UHFFFAOYSA-N,CC1=CC=C(CC(=O)N(C)CC2(O)CCCN(C3=CC=CC=N3)C2)S1,0.313
OAGNFKCWXVXZJD-NDENLUEZSA-N,CC1=C(NC(=S)N/N=C\C2=CC=CC=C2O)C(=O)N(C2=CC=CC=C2)N1C,0.36
VJOLHYVXOROYEL-UHFFFAOYSA-N,CC1=NC2=CC=C(Cl)C=C2C(C2=CC=C(Cl)C=C2)N1CCN1CCCCC1,0.33
DTVUNGVLCHTUFC-UHCVVMIDSA-N,CCOC(=O)N[C@H](CC1=CC=C2C=CC=CC2=C1)C(=O)N(C)[C@@H](CCCN=C(N)N)C(=O)N[C@@H](CC(N)=O)C(=O)N[C@H](C(=O)O)C(C)C,0.36
OSPSRUWHYMZFBP-UHFFFAOYSA-N,OC(CCCN1CCC2=C(C3=CC(F)=CC=C3N2C2=CC=C(F)C=C2)C1)C1=CC=CC(C(F)(F)F)=C1,0.433
LGNRWEUQQPIDQM-UHFFFAOYSA-N,COC1=CC=C2C(=C1)CC(C1=NC3=C(F)C=C(C4=CC=NC(N)=N4)C=C3N1)CO2,0.453
QBDOFAGOTWCKQB-UHFFFAOYSA-N,COC1=CC=C(CN2C(NCCNC(=N)N)=NC(=O)N(CCC3=CC=CC=C3)C2=O)C=C1,0.27
MSUMZPSOTCJIBZ-UHFFFAOYSA-N,CN(C)CCCOC(=O)CCCN1C2=CC=CC=C2C2=NC3=CC=CC=C3N=C12,0.473
ZLLXFXKKMDXGIZ-ZZTWKDBPSA-N,CC(C)[C@@H](C(=O)N1CC2=CC=CC=C2C[C@H]1C(=O)NCCCC[C@H](NC(=O)[C@@H]1CC2=CC=CC=C2CN1C(=O)[C@H](C(C)C)N(C)C)C(N)=O)N(C)C,0.33
FHFKPIMNMYCUIH-UHFFFAOYSA-N,CCN(CC)CC.NC1=NC(=O)N(C2C=CC(COP(=O)(O)OP(=O)(O)OP(=O)(O)O)C2)C=C1F,0.345
IPFWHVBSLPSAGT-CBJLPSGESA-N,O=C(NCCC1=CC=C(Cl)C=C1Cl)[C@@H]1[C@@H]2C=C[C@H]([C@H]1C(=O)NCCCCN1CCCC1)C21CC1,0.377
SOYRBJOZZUIORF-UHFFFAOYSA-N,CC1=CC=C(N2C(SCC(=O)NC3=CC=C(S(=O)(=O)NC(=O)NC4=CC=CC=C4)C=C3)=NC3=CC=CC=C3C2=O)C=C1,0.4
BYHFCNJOCRSEFD-UHFFFAOYSA-N,C=CCSC1=NN=C(NC(=S)NC2=CC=C(I)C=C2)S1,0.423
CGTBRZZQACOTSR-LSQHKTNHSA-N,O=C1N=CC=CN1[C@H]1[C@H](O)[C@H](O)[C@@]2(CO)C[C@H]12,0.35
WJILKEGNHFTPCY-UHFFFAOYSA-N,O=S(=O)(C1=CC=CN=C1Cl)N(CC1=CC=C(F)C(C(F)(F)F)=C1)C1=C(Br)C2=CC=CC=C2S1,0.363
UGKOGWUDRSXQOZ-MJTSIZKDSA-N,C=C1C(=O)OC[C@H]1C(C1=CC(OC)=C(O)C(OC)=C1)C1=CC(OC)=C2C(=C1)OCO2,0.437
YYUUAXZMRDLMNI-UHFFFAOYSA-N,CCOC(=O)C1=C(C)N(CC2=CC=CC=C2)C2=CC=C(OCC(O)CN3CCN(CC4=CC=CC=C4)CC3)C=C12,0.437
WXJVTKCKFVWMGE-UHFFFAOYSA-N,CN1C(SCC(N)=O)=NN=C1C1=CC=C(S(=O)(=O)N2CCCC2)C=C1,0.263
CKWKFEUTCSGMTM-UHFFFAOYSA-N,O=C(CN1CCN(C2=CC=CC(C(F)(F)F)=C2)CC1)NC1=CC=C2C(=C1)OCCCO2,0.38
UOLWAWYOIVYEAT-IWIPYMOSSA-N,COC1=CC=C2C(=C1)C(/C=C1\OC3=CC(O)=CC(O)=C3C1=O)=C(C)N2CCN1CCN(C)CC1,0.383
TXUWQECYFJZEMC-RBZQAINGSA-N,CCC(CC)O[C@@H]1C=C(C(=O)NCC2=CC=C(C3=CSC=C3)C=C2)C[C@H](N)[C@H]1NC(C)=O,0.337
LOJSURQQIVTLNL-UHFFFAOYSA-N,CC1=CC=C(C2=NC(CN(CC3=C(C)N(C)N=C3C)C(C)C)=C(C)O2)O1,0.357
BRQHOFBHPKKIHA-UHFFFAOYSA-N,CC1=CC=CC=C1C(OC1=CC(OCC2=CC=CC=N2)=CC=C1C#N)C(=O)O,0.44
BNCPMPMXSHXOQK-UHFFFAOYSA-N,NC1=NC(O)=C(N=O)C(NCCCOC2=CC=C([N+](=O)[O-])C=C2)=N1,0.42
MVPZNKOEXQWDPX-UHFFFAOYSA-N,FC1=CC=CC(NCC2=CC=C(CNC3=CC=CC(F)=C3)N=C2)=C1,0.357
GLWIPFBFVQOOGK-UHFFFAOYSA-N,COC1=CC=CC(N2CCN(C(=O)C3=CC([N+](=O)[O-])=CC=C3N3CCOCC3)CC2)=C1,0.44
LRZXJAOUUBYAPE-UHFFFAOYSA-N,CC1=CC=C(C(=O)NC2=CC([N+](=O)[O-])=CC=C2F)S1,0.327
GUERDLPJJJMIEU-UHFFFAOYSA-N,CC1=CC=CC(CCN)=C1,0.27
JCZPOYAMKJFOLA-IMJSIDKUSA-N,O[C@H]1CNC[C@@H]1O,0.307
AYKPYAOQPANRFS-UHFFFAOYSA-N,COC1=CC=C(COC2=CC=C(CN3C=NC4=CC(C5=NOC(C6CCNCC6)=N5)=CC=C34)C=C2OC)C=N1,0.51
UZLMCVVBXZXYOC-UHFFFAOYSA-N,COC1=CC(C(=O)NCC2=CN=C(OC3=CC=C4C(=C3)CCC(C3=CC=CC=C3)O4)S2)=CC=N1,0.403
VFJXXDCXLPMUBR-UHFFFAOYSA-N,O=C(C1=C(NC2=CC(Cl)=CC(Cl)=C2)NC2=C(Cl)C=CC([N+](=O)[O-])=C2C1=O)C1CC1,0.313
PGLJEFBAXFMYBH-UHFFFAOYSA-N,CC1=CSC(CNC(=O)NC(C)C2=CC=C3C(=C2)OCCO3)=N1,0.343
JTZCTMAVMHRNTR-UHFFFAOYSA-N,CCCCCCCCSC(=O)OC1=CC(Cl)=NN=C1C1=CC=CC=C1,0.36
DAQZLXYFNHPPBP-UHFFFAOYSA-N,CCN(CC)C1=CC=C2C=C(C(=O)NC3(C(=O)N(C)N(C)C#N)CCCCC3)C(=O)OC2=C1,0.377
QDTUIHOOSMFIDM-UHFFFAOYSA-N,COC1=CC2=C(C=C1OC)C(CC(=O)O)CC2,0.411
WUBPOBJNEUHUTE-UHFFFAOYSA-N,CC1=CC(=O)NC(=O)N1C1C=CC(OC(=O)C2=CC=CC=C2)C1,0.29
LTBAVIKQCJGFGL-DPSVNRJGSA-N,C=C[C@@H]1C[C@]1(NC(=O)[C@@H]1CN(S(=O)(=O)C2=CC=C(F)C=C2)CN1C(=O)[C@@H](NC(=O)OC1CCCC1)C(C)(C)C)C(=O)NS(=O)(=O)C1CC1,0.45
HYIYBWCTLLQRLQ-NBFOIZRFSA-N,CCN1CC[C@H]2C3=CC(OC(=O)NC)=CC=C3CC12,0.371
WFVKABQFHLSPFH-INIZCTEOSA-N,CCN1N=CC(C2=NC3=C(N[C@H]4CCN(C(=O)C5CCOCC5)C4)N=CN=C3N2C)=C1C,0.383
IALYRNAZULNMEL-UHFFFAOYSA-N,COC1=CC2=C(C=C1OC)CN(C1=CC=C(C3=CC=CC=C3OC)N=N1)CC2,0.38
YCBVYRSRHHEJAL-MLNSLSNSSA-N,C#CCCOC(=O)/C=C(C)/C=C/CC(C)CCCC(C)(C)OC,0.407
HIOWDZZIBUXEHQ-UHFFFAOYSA-N,ClC1=CC=CC(C2ON=C(C3=CC=CC=C3Cl)O2)=C1,0.33
KHPCIHZXOGHCLY-UHFFFAOYSA-N,NC1=CC=C(C2=CN=C(N)C(C3=CC=C(Cl)C=C3)=C2)C=N1,0.373
DTJUKPBRMFXSOX-ZBZXEDRXSA-N,C[C@@H]1O[C@H](OCC2=CC=C3C(=C2O)C(=O)C2=CC=CC=C2C3=O)C[C@@H](N(C)C)[C@@H]1O,0.253
ZTJBRLHJSDGEDC-WYXQGNMASA-N,CC(C)OC(=O)[C@H](C)NP(=O)(OC[C@H]1O[C@@H](N2C=CC(=O)NC2=O)[C@](F)(Br)[C@@H]1O)OC1=CC=CC=C1,0.407
XVZRRPTWUCAMMV-UHFFFAOYSA-N,CC1=NC(CN2CC(S(=O)(=O)NC3CCCC3)C2)=NO1,0.33
YOQXJJARPAWPJV-UHFFFAOYSA-N,CC1CCCN(C(=O)C2=CC=C([N+](=O)[O-])O2)C1,0.363
LWTPUALMLDLRFE-UHFFFAOYSA-N,CCN1C2=NC=C(COC3=CC=CC(C(=O)O)=C3)C=C2C(=O)N(C)C2=CC=C(Cl)N=C12,0.387
OKWNRLVXIVHVLV-DHZHZOJOSA-N,C/C(N)=C(/C#N)C(=O)COC(=O)C1=CC=C(O)C=C1,0.387
YKYSWSVDOCPYKZ-UHFFFAOYSA-N,CC1=CC=C(C)C2=C1C=C(C)C1=NN=C(SCC(=O)NC3=NC4=C(S3)CCCC4)N21,0.373
XRJVXAMPYWOKBH-UHFFFAOYSA-N,O=C1C=CC(=O)N1CCNC1=NC=C(C(F)(F)F)C=C1Cl,0.437
XZKSPTBEYGRIAW-UHFFFAOYSA-N,COC1=CC2=C(N3CCN(C(=O)NC4=CC=C(OC5=CC=CC=C5)C=C4)CC3)N=CN=C2C=C1C,0.347
HNRPMNHNIDJKSN-UHFFFAOYSA-M,CC[N+](C)(CC)CCCCNP(=O)(OCC1=CN=C([N+](=O)[O-])N1C)N(CCCl)CCCl.[I-],0.39
VUISAJWDMBCIQP-UHFFFAOYSA-N,COC1=CC=C(C2=NN(CCCO)C(=O)C3CCCCC23)C=C1OC,0.357
ORLARZUHOHSRIB-UHFFFAOYSA-N,CCCCCCC(=O)NC1=C2C(=NC3=CC=CC=C13)N(C)CC2,0.387
GPKFTSBUGGLSHC-BRWVUGGUSA-N,C=CCN1CC[C@@]2(C3=CC=CC(O)=C3)CCC[C@@H]1[C@H]2O,0.363
HBGLDUCFHGGDAB-UHFFFAOYSA-M,FC1=CC=CC2=C1C1=C(F)C=CC=C1[I+]2.O=S(=O)([O-])C(F)(F)F,0.323
CHWVDGYLKPLBES-UHFFFAOYSA-N,COC1=CC=CC=C1C1=CC=C(C(=O)O)O1,0.363
ULKVTWZZSYMWKM-OUKQBFOZSA-N,CC12CC3CC(C)(C1)CC(/N=C(\N)NC1=CC=CC=C1/C=C/C1=CC=CC=C1)(C3)C2,0.317
KCKDFGFWZWHIMF-UHFFFAOYSA-N,O=C(COC1=CC=C(Cl)C=C1Br)N1CCN(C2=CC=CC=C2)CC1,0.447
QWMFOPZHDXETGS-ZVHZXABRSA-N,O=C(N/N=C/C1=CC=CC=N1)C1=CC(C2=CC=NC=C2)=NC2=CC=CC=C12,0.363
IXXVOBKEHRSFMP-QGZVFWFLSA-N,CC[C@@H]1C(=O)N(C)C2=CN=C(N3C=CC4=CC(F)=CC=C34)N=C2N1C1CCCC1,0.483
WFIQHZHXONNEFZ-UHFFFAOYSA-N,CCC(CC)(CN)C(=O)N1CCOC(C)(C)C1,0.33
AGOWKCMZPBOODJ-UHFFFAOYSA-M,COC1=CC=C2C(=C1)C1=CC(OC)=C(OC)C=C1C1=CC3=[N+](C=C21)CCC3.[Cl-],0.41
VXJMKKDFKLQCQL-KRWDZBQOSA-N,COC1=NSC(N2CCC3(CCN(C[C@H](O)C4=CC=C5C(=C4C)COC5=O)CC3)C2=O)=N1,0.397
BUDXDTRWVOLBAH-UHFFFAOYSA-N,CNC1=CC=C(CNCC2=CC=CC(C3=CC=C(C4=NC5=CC=CC=C5N4)S3)=C2)C=C1,0.337
OYTZWPYVHBHOPU-SFHVURJKSA-N,CCC1=NC=CN1CC(=O)C1=CC=C(C2=CC=C(N3C[C@H](CN4C=CN=N4)OC3=O)C=C2F)C=N1,0.433
QULUKOICHFEIJD-UHFFFAOYSA-N,O=C(CN1C(=O)SC2=CC=CC=C12)NCCOC1=CC=CC=C1F,0.41
QDFOYTHIYBSDPW-RGAOVNQFSA-N,O=C(N[C@@H](CSCC1=CC=CC=C1)C(=O)NC1=CC=C(C2S/C(=N\C3=CC=CC(F)=C3)N(CC3=CC=CO3)C2=O)C=C1)OCC1=CC=CC=C1,0.383
AIVYERHOQDMJPY-UHFFFAOYSA-N,FC1=CC=C(C2CC(C3=CC=CC=C3)N3N=CN=C3N2)C=C1,0.377
ZZWJASQZCDWPFG-UHFFFAOYSA-N,CCN1N=CN=C1CN1CCC(CNC(=O)C2=CC=CC(C)=N2)C1,0.35
YIGLINOPTZCHQC-UHFFFAOYSA-N,CC1=CC=CC(F)=C1OC1=CC=CC(F)=C1OC1CCNCC1,0.44
FPJJSKKWGRACAX-UHFFFAOYSA-N,O=C(O)C1=CC=NC(N2N=CC=C2OCC2=CC=CC=C2)=C1,0.41
ILQUXOGWNWWOSH-BTJKTKAUSA-N,CC(CCC1=CC=CC=C1)NCCC12CC3CC(CC(C3)C1)C2.O=C(O)/C=C\C(=O)O,0.323
JOXPQBJMQDIKTQ-UHFFFAOYSA-N,CC1=NC(N2CCC3(CCCN(CCO)C3=O)C2)=C2SC=CC2=N1,0.367
HDWYPNVSPBUTCS-FTPOTTDRSA-N,CNC1=CC=CN=C1/C=N/NC(=S)N(C)C.Cl,0.327
BSMXFTMXLBAWBV-HYARGMPZSA-N,CC1=CC=C(CS(=O)(=O)/C(=C/C2=CC=C(Cl)C=C2)C(=O)C2=CC=C(Cl)C=C2)C=C1,0.383
OBODKNFPJUZOIA-UHFFFAOYSA-N,CCOC1=CC=C(CCNC(=O)CC2=NNN=N2)C=C1OCC,0.353
ICAGRINJJFYTOB-UHFFFAOYSA-N,NC1=NNC2=CC=CC(C3=CC=C(NC(=O)C4CCCCC4)C=C3)=C12,0.267
LTLAIOBQBYOIBO-UHFFFAOYSA-N,C=CC1=C(N)N=CN=C1N1CCC(C2=NC(C3=CC=C(C(F)(F)F)C(F)=C3)=CN2CCN2CCCC2)CC1,0.323
UDXLZRDTGQGCED-YGJQFJFHSA-N,O=C(C[C@@H]1C[C@H]2C3=CC(NC(=O)C4=CC=CN=C4)=CC=C3O[C@H]2[C@H](CO)O1)NCC1=CC=C(OC2=CC=CC=C2)C=C1,0.393
XREHYRWLXAQXTL-UHFFFAOYSA-N,CCCCCCCCCCCNC(=O)OC1=CC(O)=C2C(=O)C(C3=CC=C(OC)C=C3)=COC2=C1,0.343
ZYODXRYBYZMUNL-UHFFFAOYSA-N,COC(=O)CCC1=CC=C(C)C=C1,0.287
RSZWMKSWYWFHMX-SANMLTNESA-N,CN(C)CCCN1C(=O)[C@H](CC2=CC=CC=C2)N(CC2=CC=C(C3=CC=CC=C3C3=NNN=N3)C=C2)C1=S,0.24
QNCNODDNQFHTAE-ZEMYGLBYSA-N,C[C@]12CC[C@H]3[C@@H](C[C@@H]4O[C@@]45C[C@@H](O)CC[C@]35C)[C@@H]1CC[C@@H]2O,0.407
HFHMTIRZGGSTAO-UHFFFAOYSA-N,O=C1C2=CC(Cl)=CC=C2C2(C3=CC=CC=C3)SCCN12,0.303
DRARVLFZUMBHTL-UHFFFAOYSA-N,O=C(CN1CCN(C2=CC3=C(C=C2F)C(=O)C(C(=O)O)=CN3C2CC2)CC1)NC1=NC2=CC=C(F)C=C2S1,0.327
HDONVKMMRZKRCC-UHFFFAOYSA-N,O=C(NC1=NNC2=NC(C3=CC=CO3)=C(Br)C=C12)C1CCN(CC2=CC=CC=C2)C1,0.363
HPAJZDBVRCACEQ-UHFFFAOYSA-N,O=C(O)C1=CC=C(NC2=NC=C3NC(=O)N(C4=CC=CC=C4)C3=N2)C=C1,0.49
SWKUQMFTWFTAQQ-UHFFFAOYSA-N,CCCC1=CC=C(OCC(=O)NNC(=S)NC(=O)C2=CC=CO2)C=C1,0.367
BLJWZLWQWDOSMG-UHFFFAOYSA-N,CC1=CC=CN=C1C1=CC(OC2=CC=C(S(C)(=O)=O)C=C2)=CC(C(=O)NC2=NN(C)C=C2)=C1,0.42
DREYZGCIOLBBDK-UHFFFAOYSA-N,CC1=C(C2=CC=C(OCCCN3CCCC3)C=C2)OC2=CC=CC=C2S1,0.36
SDUNKEQQLQDTTQ-YWEYNIOJSA-N,C[N+](C)(C)C/C=C1/COCO1,0.413
KJVFQLVWOAZHEV-UHFFFAOYSA-N,CCCCNC(=O)CSC1=NC2=CC3=C(C=C2C(=O)N1CC1=CC=CO1)OCO3,0.42
NUEGVXRTDJLNEE-UHFFFAOYSA-N,CN(C)CCCCOC(=O)NC1=CC=C(CN2N=C(C3=CC=CC=C3C(F)(F)F)C3=CC=CC=C3C2=O)C=C1,0.327
SXRKIFFGKQRXMR-UHFFFAOYSA-N,CC(C)COC(=O)N1CCCCC1C1=CC(C(=O)N2CCOCC2)=NO1,0.417
VOEAFQUTYKPXBM-DFHRPNOPSA-N,C[C@@H](OC(=O)COCC1=CC=CC=C1)[C@H](NC(=O)C1=CC=CC=N1)C(=O)NCCCC(=O)OCC1=CC=CC=C1,0.34
AAVNKJHZCQBLFE-UHFFFAOYSA-N,CCOC1=CC=C2N=C(N(CCCN(C)C)C(=O)C3=CC=C4C(=C3)CCCC4)SC2=C1.Cl,0.458
KFKWUTRXPAZYNN-UHFFFAOYSA-N,COC1=CC=CC=C1NC(=O)CN1C(=O)C2(OCCCO2)C2=CC=CC=C12,0.353
XWVFBUOUWXGKIB-UHFFFAOYSA-N,CCN(C)C(=O)CN1CC(OC2=CC=CC(Cl)=C2)C1,0.39
MKIVOQUHWWFPIM-TUFYWOIXSA-N,O=C(O)CCC[C@H](O)[C@@H](/C=C\C1=CC=CC=C1OCCCCOC1=CC=CC=C1)SC1=CC=C(C(=O)O)C=C1,0.467
RMYZFVAOIVUOKB-FQEVSTJZSA-N,CCCCCCCN1CCC(=O)N([C@H](CO)CC2=CC=CC=C2)CC1,0.227
MOUOMNBPAHLPSE-UHFFFAOYSA-N,CC1CCC2=C(SC=C2C(=O)NC2=C(F)C=C(F)C=C2Br)C1,0.32
ZOJSBJMHWGMYNM-UHFFFAOYSA-N,N#CC1=CC=CC=C1C1=CC=C(CN2C(C3=CSC=N3)=NC3=CC=C(Cl)C=C23)C=C1,0.47
KPQLWJWAGXJIST-GTJPDFRWSA-N,COC(=O)[C@](F)([C@@H]1CCC2=C(NC3=CC=C(Cl)C=C23)C1)S(=O)(=O)C1=CC=CC(Cl)=C1,0.397
DKNICMFSCPSEIP-UHFFFAOYSA-N,COC1=CC=C(C(=O)NC2=CC(C)=C(NC(=O)C3=CC=CC=N3)C=N2)C=C1,0.397
VXEYXROSIMOFIS-UHFFFAOYSA-N,CS(=O)(=O)C1=CC=C(C2=C3C(=C(C4=CC=C(S(C)(=O)=O)C=C4)N2)C2CCC3C2)C=C1,0.417
ISDNLQZIXKBDQS-UHFFFAOYSA-N,CCCCN(CCCNC1=CC=NC2=CC(Cl)=CC=C12)CC1=CC(Br)=CC=C1O,0.483
PKSYYDVTKCWIMK-QJLXOANVSA-N,CO[C@]1(C2=CC(F)=CC(SC3=CC=C(/C(C)=N/O)C=C3)=C2)CCO[C@@H](C)C1,0.297
MZEJDMPWCOAAGT-UHFFFAOYSA-N,C1=CC=C(NCCNC2=NC3=C(C4=CC=C5C=CC=CC5=C4)C=NN3C=C2)C=C1,0.403
ZAZULDNVGOECEO-VGVWILAUSA-N,CCOP(=O)(OCC)C(NC(=S)NC(=O)[C@]1(C)CCC[C@]2(C)C3=CC=C(C(C)C)C=C3CC[C@@H]12)C1=CC=CC=C1F,0.383
KGIUTIANTQIKIP-GXDHUFHOSA-N,CC(=O)N1CCN(C2=NC(=O)/C(=C\C3=CC=CC=C3O)S2)CC1,0.343
FUMFERFWSZGVIW-NGDVZMDKSA-N,NC1=NC=C(C2=CC([C@@H]3[C@H]4CN(C5COC5)C[C@@H]34)=NC(N3CC4CC3C4)=N2)C=N1,0.333
QOKWAMNOBLWSAD-TWRBBEJXSA-N,C=C(C)[C@@H](CC)CN1CC[C@H](CNC(=O)C2=CC=C3C=C(Cl)C=CC3=C2)N[C@H](CCN2CCCCC2)C1=O,0.403
GOOKOBTYBFHEOR-UHFFFAOYSA-N,CC1=NC2=CC=CC=C2C(C2=CC=CC(Cl)=C2)=C1C(OC(C)(C)C)C(=O)O,0.41
YFFNJWCMUGIYOE-HXBUSHRASA-N,CC(=O)OCC1=C(C(=O)OC(C2=CC=CC=C2)C2=CC=CC=C2)N2C(=O)[C@H](Cl)C2SC1,0.3
DWBXNQKRJAOIHK-NRFANRHFSA-N,C=CC[C@H]1CN(C2CCCC2)C2=NC(NC3=CC=C(C(=O)NC4CCN(C)CC4)C=C3OC)=NC=C2N(C)C1=O,0.503
UGODZDORNQOVFI-UHFFFAOYSA-N,CC1=NC2=CC(C3=CC=CS3)=NN2C(NCC(C)(C)CN(C)C)=C1C,0.377
KQHIHMAVKVHVAP-UHFFFAOYSA-N,CCOC(=O)C(C)N1N=C(C2=CC=C(Br)C=C2)C=CC1=O,0.37
PDVPPOQDCVUFMJ-IXXDFCNBSA-N,COC1=CC=CC(C2=CC(C(=O)NC3=CC4=CC=C(OC5CC(C)C[C@@H](O)[C@H]5O)C(C)=C4OC3=O)=CC=C2OC)=C1,0.433
WPQIUQXWDUZDBI-UHFFFAOYSA-N,O=C(O)C1=CC=C(NC(=O)C2=CC=C(C(=O)O)C=C2)C=C1,0.297
PPPOUAQYRUUFNJ-RXVVDRJESA-N,COCCOC1=CC2=NC=C(C3=CC=C4C=CC=C(O[C@H]5CCNC[C@@H]5F)C4=N3)N2C=C1,0.443
DGTLYCXRLUHZDO-UHFFFAOYSA-N,CNC1=NC(=O)C2=CC3=CC=CC=C3N(C)C2=N1,0.3
HULVBXHCFWOUHP-VHJOFQCFSA-N,NC(=O)OCCO[C@@H]1[C@H](O)[C@H](OC2=CC=C(I)C=C2)O[C@@H](COS(=O)(=O)C2=CC=C3C=CC=CC3=C2)[C@H]1O,0.427
UCLODDTXWGYADM-UHFFFAOYSA-N,COC1=NC=C(N2CCOCC2)C=C1S(=O)(=O)NC1=CC=NC(C2=CC=C(CN3CCCC3)C=C2F)=C1,0.347
XLTASQGIWFMNJU-UHFFFAOYSA-N,CC1=CC=C(N2N=NN=C2C2=CC=CN=C2)C=C1,0.467
BAZIZFOLMQRGMR-UHFFFAOYSA-N,CC1=CC=C(N2C=CN3C(SC(C)C(=O)NC4=CC=C5C(=C4)OCCO5)=NN=C3C2=O)C=C1C,0.33
PRGIOMDFWSHPTC-QPEQYQDCSA-N,O=C(CN1C(=O)/C(=C/C2=CC=CO2)SC1=S)NC1=CC=C(C(=O)O)C(O)=C1,0.33
YRWHBNJWWWTHNR-UHFFFAOYSA-N,O=C1CN(C2=CC=CC=C2)C(=O)C1C(=O)NC1=CC=C(Cl)C(Cl)=C1,0.263
IEHDJWSAXBGJIP-RYUDHWBXSA-N,CC(C)[C@H](NC(=O)[C@@H](N)CC1=CC=CC=C1)C(=O)O,0.287
FRUDVXRUSIWXJO-UHFFFAOYSA-N,O=C1OC2=CC=CC=C2C(NC2=CC=C(OCCN3CCCC3)C=C2)=C1C1=CC=C(F)C=C1,0.317
JJSJXYVOHHMPQN-AATRIKPKSA-N,CC1(C)OC(/C=C/C2=CC=CN=C2)=CC1=O,0.36
PXIIPKRDSWOMFX-UHFFFAOYSA-N,O=C(C1=CC=C(C2=CC=C(O)C([N+](=O)[O-])=C2)C=C1)C(Cl)Cl,0.413
UIJXPBABJIYKKJ-KFKAGJAMSA-N,NC(=O)[C@H]1CC[C@H]1C(=O)N1CCC2=C(O)C=CC=C2[C@H]1CN1C(=O)C2=CC=CC=C2C1=O,0.333
NRHUFCAEFOGFQG-UHFFFAOYSA-N,CCC1=CC=C(OCCCCN2C=CN=C2)C=C1,0.293
QXXWFWUGWOXHGQ-UHFFFAOYSA-N,CC(CN1C=CC=N1)NCC1=CSC(C2=CC=C3C(=C2)OCO3)=N1,0.373
FJCDJOPKILSQQC-WUXMJOGZSA-N,C/C(=N\NC(N)=S)C1=CC=CC(N)=C1,0.32
BJWIPOMEOBTTJP-SRCKYBTLSA-N,CC(=O)[C@H]1CC[C@H]2[C@@H]3CC=C4C[C@@H](OC(=O)NCCNC(=O)/C(C#N)=C/C5=CC=CC(Cl)=C5)CC[C@]4(C)[C@H]3CC[C@]12C,0.433
BESJMQDNPAGIEM-UFHCJVJASA-N,CCCCCCCC(=O)O[C@@H]1[C@@H](OC(=O)C2=CC=CC(C)=C2)C(C)=C2[C@@H]3OC(=O)[C@@](C)(O)[C@@]3(O)[C@@H](OC(=O)CCC)C[C@](C)(OC(C)=O)[C@@H]12,0.37
KHGOSYUXMMBUFD-UHFFFAOYSA-N,CC1=C(NC(=O)C2=CC=CC(C#N)=C2)C=NC2=C1C(C1CCN(C(=O)C3CCOC3)CC1)=CN2C,0.413
KWAXAMVLUTXYKN-UHFFFAOYSA-N,C=CCC(C1=CC=CC=C1)N(C(C)=O)C1=CC=CO1,0.32
BSZYGMJIKVVIQH-UHFFFAOYSA-N,CC(=C(C1=CC=CC=C1)C1=CC=CC=C1)C1=CC=C([S+](C)(=N)[O-])C=C1,0.357
NFASEKPXRUMCIX-UHFFFAOYSA-N,COC1=CC=CC(C2=CC(O)=C3C(=C2)CN(C(=O)C2CC2)CCO3)=C1,0.454
JGTHUDHDZLHWCK-UHFFFAOYSA-N,CCOCCCNC(=O)C1CCN(S(=O)(=O)N2CCCC2)CC1,0.403
HEMDRZGKIPPJAW-UHFFFAOYSA-N,CC(C)CN(CCCCC1=CC=CC=C1)C(=O)C(N)C(=O)NO,0.227
WZBRZPMFTHHQQX-IGMJJTELSA-N,CCN(C[C@H]1N[C@@](C)(C(=O)OC)[C@H]2C(=O)N(C)C(=O)[C@@H]12)C(=O)NC1=CC=C(F)C=C1,0.313
LUEUGTQBZZJOJQ-UHFFFAOYSA-N,CC1=NC=C([N+](=O)[O-])N1CCOC(=O)NC(N1C=NC2=C(OCC3=CC=CC=C3)N=C(N)N=C12)C(Cl)(Cl)Cl,0.373
QEYOHPDHFPXPHI-UHFFFAOYSA-N,O=C(O)CSC(C(=O)NC1=CC=C(Cl)C=C1)C1=CC=CC=C1,0.287
TWMPICDWJCTBGT-UHFFFAOYSA-N,CCN1C=C(NC(=O)NC2=CC=C3C(=C2)OCCO3)C=N1,0.38
HKTFTSJMKJDHIE-UHFFFAOYSA-N,CC(C1=NC2=C(C=NN2C2CCOCC2)C(=O)N1)N1CC(OC2=CC=CC(Cl)=C2Cl)C1.O=C(O)C(F)(F)F,0.377
IKTXFVMZQNCZAK-UHFFFAOYSA-N,COC(=O)N1CCC2(CC1)CCN(C1=NC=CC=N1)CC2,0.41
SGJXCKCBCGRUQQ-UHFFFAOYSA-N,COC1=NC(C2=NN(CC3=CC=CC=C3F)C(C3=NOC=C3)=C2)=NC=C1F,0.443
CMMNPBHEUAWBPK-UHFFFAOYSA-N,COC1=CC=C(NC(=O)C2=C(N)C3=CC=C(C4=CC=CN=C4)N=C3S2)C=C1OC,0.413
GBECRGFASNNNDE-OLZOCXBDSA-N,CC(=O)C1=C(C)NC(=O)C(C(=O)N2CC[C@H]3CC[C@@H](C2)N3C)=C1,0.35
OULXRFUMARETNV-UHFFFAOYSA-N,N#CC1=CC=C(S(=O)(=O)N2CCN(C3=NC=CC=C3C(F)(F)F)CC2)C=C1,0.39
UXLPJZGKAQRVTA-UHFFFAOYSA-N,CCCOC(=O)C1=C(C)NC(C)=C(C(=O)OC)C1C1=CC=CC([N+](=O)[O-])=C1,0.357
GZAPVKSQRTZSJU-UHFFFAOYSA-N,OC(CN1C=CN=C1)(C1=CC=C(F)C=C1)C1=CC=CC=C1C1=CC=NC=C1,0.27
PSURAFILOCZAMG-UHFFFAOYSA-N,NS(=O)(=O)C1=CC=C(CNC(=O)C(F)(F)F)C=C1,0.36
JVLBPIPGETUEET-GAAHOAFPSA-O,C[N+]1(CC2CC2)CC[C@]23C4=C5C=CC(O)=C4O[C@H]2C(=O)CC[C@@]3(O)[C@H]1C5,0.37
JFETVROTFMZCOR-UHFFFAOYSA-N,CCCCCCCCC(C(=O)O)C1CCCCC1,0.313
OJUYFGQEMPENCE-DPKHZRJYSA-N,C[C@@H]1[C@H]2C3=CC[C@@H]4[C@@]5(C)CC[C@H](O)C(C)(C)[C@@H]5CC[C@@]4(C)[C@]3(C(=O)O)CC[C@@]2(C(=O)O)CC[C@H]1C,0.35
FFMAUIFUNZBCRQ-UHFFFAOYSA-N,CC1=CC=CC(NS(=O)(=O)C2=CC=C(C(=O)N3CCC3)C=C2)=C1C,0.347
LONAMIOABDSPFE-UHFFFAOYSA-N,CCCNC(=O)C1=CC=NC(C2=CC=C(CNC3CC4=CC=CC=C4C3)C=C2)=C1.O=C(O)C(F)(F)F,0.383
CWTIJSIEKPIMMM-UHFFFAOYSA-N,COC1=CC=C2C(=O)C(C(=O)OCCCCCCN(C)C)=C(C3=CC=CC(OC4=CC=CC=C4)=C3)NC2=C1,0.463
WERKLXJPXQLJPJ-UHFFFAOYSA-N,C=CCN1C(C2=CC=CC=C2)=CC=C(C#N)C1=O,0.31
XSCGKIDMJUFUJZ-UHFFFAOYSA-N,COC1=CC=C(C2=NN=C(S)N2C2=CC=C(C)C=C2)C=C1,0.383
OBULHRRJFXTYED-NRFANRHFSA-N,O=C(O)CC[C@H](NC(=O)C1=CC=CC(C2=CC=CC=C2)=N1)C(=O)N1CCN(C(=O)OCCCC(F)(F)F)CC1,0.41
JUFDKIHNAKWIPB-BXXZVTAOSA-N,O=C(O)C(=O)OC[C@H]1OC(=O)[C@H](O)[C@@H]1O,0.323
SLXJIYPCVXJXJL-PJRHAEEISA-N,CCCC[C@H](O[C@@H](CC1=CC=CC=C1)C(=O)N1CCC(OCS(C)(=O)=O)CC1)C(=O)N[C@@H](CC1CCCCC1)[C@@H](O)[C@@H](O)CC(C)C,0.387
PSFWRKAIDVJVPD-UHFFFAOYSA-N,N#CC1=CC=CC(NC(=O)NCCCN2CCC(CC3=CC=C(C(F)(F)F)C=C3)CC2)=C1,0.387
ZZCGYYMWYHEEBE-UHFFFAOYSA-N,CC1=NC(N)=NC=C1CNC(=O)CN1C(C)=CC=C(NS(=O)(=O)CC2=CC=CC=C2)C1=O,0.327
MFOZPYTUDQEMMW-UHFFFAOYSA-N,O=C(CCCCN1CCN(CC2CC(=O)C3=C(OC=C3)C2)CC1)C1=CC=C(F)C=C1,0.34
TZNQMGFEWYPGDR-UHFFFAOYSA-N,NC1=NC2=CC3=C(NC(NCCC4=CC=C(C(=O)O)C=C4)=N3)C=C2C(=O)N1,0.343
BKGCPRVFMYQBRH-KPKJPENVSA-N,C=C(/C=C/C(=O)NC1=CC=C(N)C=C1)CC1(C)CC2=CC=CC=C2C1=O,0.263
QGHLEPZBTTVHGJ-UHFFFAOYSA-N,N=C(N)NCCCC(NC(=O)C(C1=CC=CC=C1)C1=CC=C(Cl)C=C1)C(=O)N1CCCC2=CC=CC=C2C1,0.277
UPNZNUZWFKDCQK-UHFFFAOYSA-N,CCOP(=O)(OCC)C(=O)OC1=CC=C(Cl)C=C1,0.37
KFGVJVJYLSWZJG-UHFFFAOYSA-N,CCC(CC1=CC=CC=C1)NC(=O)CN1N=C(C)N2C(=CC3=C2C=CO3)C1=O,0.257
XDVJNGYZBQMVEV-UHFFFAOYSA-N,CC(CCC1=CC=CC=C1)NC(=O)CNCCCN1CCOCC1.O=C(O)C(=O)O,0.343
XLNVUHRIUOLYPA-KWSAYTQBSA-N,CC1=C/C(=N/CC/N=C2/C=C(C)C3=CC=C(O)C(/N=N/C4=NCCS4)=C3O2)OC2=C(/N=N/C3=NCCS3)C(O)=CC=C12,0.417
XVRWCSRQQDADOD-UHFFFAOYSA-N,CC1(C(=O)NC2=CC=CC(OC(F)(F)F)=C2)CC2=C(C3=CC=C(C(N)=O)C=C3)C=CN=C2O1,0.307
REKCCTKBSOCNFL-UHFFFAOYSA-N,COC1=CC=CC(CNC(=O)C2=CC(CNCC3=CC=CC=C3)=CC=C2C2=CC=CC(CNCC3=CC=C(C4=CC=CC=C4)C=C3)=C2)=C1.O=C(O)C(F)(F)F,0.387
VXEAWVMTERBHFX-UHFFFAOYSA-N,CCOC(=O)ON1C(=O)C2=CC=CC=C2C1=O,0.243
GUVLEBBZKMQLIY-UHFFFAOYSA-N,C1=CC=C(N2C=C3C=NC4=CC=CC=C4C3=N2)C=C1,0.64
PTOCNKSXDLHDSI-UHFFFAOYSA-N,CN(N=O)C1=CC=CC=C1O,0.363
SECBYWGLDGHJLN-UHFFFAOYSA-N,O=C(CN1N=C(CC2=CC=CC=C2)C2=CC=CC=C2C1=O)NC1=CC=CC(C(F)(F)F)=C1,0.34
NQOFDAVXLYCOSS-UWVGGRQHSA-N,CC(=O)N[C@@H](CCN)C(=O)N[C@@H](CC(C)C)C(N)=O,0.31
UKYXZPJSWMKPCU-UHFFFAOYSA-N,CSC1=C(C2=CSC(NC3=CC=CC(C)=C3C)=N2)C=C(C(=N)N)S1,0.337
BVFBYUIDPPDGCS-UHFFFAOYSA-N,O=C(NCC=C(C1=CC=CC=C1)C1=CC=CC=C1)NC1=CC=C(Cl)C=C1,0.307
FHPWCQUOKSJMMO-VGSWGCGISA-N,CC1=CN2N=C([C@@H]3CCCCN3C(=O)C3=CC(Cl)=CC=C3NS(C)(=O)=O)C=C2N=C1N1CC[C@H](C#N)C1,0.37
NXBNYUSXDBHELA-DHZHZOJOSA-N,COC1=CC=C(/C=C/C(=O)C2=CC=CC=C2O)C=C1,0.503
SWVJYUGDITUJRT-NBVRZTHBSA-N,O=C1/C(=N/C2=CC=C(O)C=C2)C(Cl)=C(O)C2=CC=CC=C12,0.27
RHBJVFYWXNXPEB-UHFFFAOYSA-N,CC1=C(C(=O)NC2=CC=CC=C2)C2(CCCCC2)C(C#N)=C(SCC(N)=O)N1,0.28
UDYZLBDATCUMND-BGABXYSRSA-N,CCO/N=C(\C1=CC=C(Br)C=C1)C1CCN(C2(C)CCN(C(=O)C3=C(C)C=CN=C3O)CC2)CC1,0.423
GWWSLIWDJZAGKA-UHFFFAOYSA-N,O=C(C1CC1)N1N=C(NC2CCN(CC3=CC=C4C(=C3)OCO4)CC2)C2=CC(Cl)=CC=C12,0.447
CMAWYPQHHCFAJC-UHFFFAOYSA-N,CC(C)CCN1C(=O)C(C2=NS(=O)(=O)C3=CC(NS(=O)(=O)NC(=O)OCC(=O)O)=CC=C3N2)=C(O)C2=CC=CN=C12,0.357
YFAWYXOUAYXLDT-UHFFFAOYSA-N,CCC1=C(C)SC(NC(=O)C2=CC=C(C)C=C2)=C1C(=O)OC(C)(C)C,0.347
BHFHRFOGMATRRK-UHFFFAOYSA-N,O=C1C2=CC(O)=CC=C2C=CN1CC1=CC=CC=C1,0.357
WYIXGZUDGCSVKP-UHFFFAOYSA-N,COC1=CC(OCC2=C(C)SC(C3=CC=NC(F)=C3)=N2)=C2C=C(C3=CN4N=C(C)C=CC4=N3)OC2=C1,0.407
DOQVEVUPASOJLQ-KRWDZBQOSA-N,COC1=CC=C([C@H]2CC(=O)N(C3=CC=CC(NS(=O)(=O)C4=CC(Br)=C(Cl)S4)=C3)C2)C=C1OC1CCCC1,0.423
PNVNVHUZROJLTJ-INIZCTEOSA-N,COC1=CC=C([C@H](CN(C)C)C2(O)CCCCC2)C=C1,0.357
HBVXRUIPTGRFDT-PLCAQUOPSA-N,CS(=O)(=O)N1C[C@@H]2CCCC[C@H](NC(=O)C3=CC=CC=C3)C(=O)N2[C@H](C(=O)N[C@H]2CC(=O)OC2O)C1,0.357
IDOHVXBVCIPPSW-HOTGVXAUSA-N,C[C@H]1COCCN1C1=NC(N2CCOC[C@@H]2C)=C2N=C(C3=CC=C(C4=NC=CN4)C=C3)NC2=N1,0.307
SIVHAPVFQQZNKB-UHFFFAOYSA-N,NC1=NN=C(C2=CC=C3NC=C(C4=CC=CC(O)=N4)C3=C2)S1,0.34
GONUYIXKBIPRQU-UHFFFAOYSA-N,CCCCC1=NC(Cl)=C(CO)N1CC1=CC=C(NC(=O)CN2C=CC=C2C(=O)OC)C=C1,0.323
PAKKKIKZKRULST-RUZDIDTESA-N,O=C1CC[C@](CCN2CC(N3CCC(F)CC3)C2)(C2=CC=C(Cl)C(Cl)=C2)CN1CC1CC1,0.31
CEABOPNBUPCARX-UHFFFAOYSA-N,CCOC1=CC=CC=C1CNC(=O)C1=CC=CN1C1=NN=C(N2CCCCC2)S1,0.4
XMGFOLDYCLKCBD-UHFFFAOYSA-N,N=C1C(C(=O)NC2CCCC2)=CC2=C(N=C3N(C2=O)C=CC=C3)N1CC1=CC=CC=C1,0.333
QLPJOBBIJIWDOA-UHFFFAOYSA-N,NC1=C(C2=NC3=CC=CC=C3S2)C(=O)CN1NC(=O)C1=CNC2=CC=CC=C12,0.38
MLXZZQXUAVHVTH-UHFFFAOYSA-N,O=S(=O)(C1=CC=CC(C2=NN3C(=N2)C2=CC=CC=C2N=C3O)=C1)N1CCCC1,0.437
DWEBYMJLRCWIRS-UHFFFAOYSA-N,CNC1=NC2=CN(C3=CC=CC(OC)=C3)C(=O)C2=CN1,0.38
PFOHTWCAPYUHGL-UXBLZVDNSA-N,O=[N+]([O-])C1=CC=CC2=CC=C(/C=C/C3=CC=C(C(F)(F)F)C=C3)N=C12,0.447
RDHKGHQJVMOWRC-UHFFFAOYSA-N,O=C(O)CCN1C=C(C2=CC=C3C(=C2)C(O)(C(F)(F)F)C2=CC=CC(CO)=C32)C=N1,0.393
TZZNDQGUMPILBH-SEYXRHQNSA-N,COC(=O)O/C(=C1\C(=O)N(C(N)=O)C2=CC(Cl)=C(F)C=C12)C1=CC=CS1,0.273
USKWMNFMQYXZEE-UHFFFAOYSA-N,CC1=CC=C(C2=NN(C3=NC(=O)CS3)C(C3=CC=CC=C3C)C2)C=C1C,0.317
UEPMBFDUHOWDCI-UHFFFAOYSA-N,O=C(NC1=NN=C(N2CCC(N3CCCCC3)CC2)S1)NC1CCCC1,0.44
WDGBMRPLOQQTOB-UHFFFAOYSA-N,CC1=NOC(C)=C1C1=CN=C(N)C(SC2=CC=C(C(=O)NC3=CC=C(Cl)C=C3)C=C2)=N1,0.397
NQEXFOOJALTUQI-UHFFFAOYSA-N,CC(CNC(=O)C1=CC=CC=C1)(CNC(=O)C1=CC=CC=C1)[N+](=O)[O-],0.32
KGTBRJGLKSVMHE-UHFFFAOYSA-N,O=C(OCC1=CC2=CC=CC=C2N=C1O)C1CCCCC1,0.413
SFICTTTWDKGKCQ-BAGYTPMASA-N,O=S(=O)(C1=CC=C(Cl)C=C1)N1[C@H](C2CC2)CCC[C@@H]1C1(CC2=NC(CN3CC[C@@H](O)C3)=NO2)CC1,0.397
XSSKMYAGAJTGCW-STPXIVCJSA-N,COC(=O)N[C@@H]1CC[C@@]2(C)C(=CC[C@H]3[C@@H]4CC=C(N5C=CN=C5)[C@@]4(C)CC[C@H]23)C1,0.447
VQCCNHUJVQLJNN-UHFFFAOYSA-N,O=C(C1=CC=C(C2=CC3=CC(Br)=CC=C3OC2=O)N=C1)C1=CC=CC=C1O,0.323
ILSXMVZPMPPOEJ-UHFFFAOYSA-N,CC1=CC(C(=O)N2CCN3C=CC=C3C2C)=NO1,0.34
OVVCFROULCDNBD-UHFFFAOYSA-N,O=C(CCC1CCCN(C(=O)C2=CC3=CC=CC=C3O2)C1)NCC1=CC=C(F)C(F)=C1,0.357
UOUNOYWIBROXIZ-FBCYGCLPSA-N,CCOC1=CC(Cl)=C(Cl)C(/C=N/C2=CC=C3NC(=O)NC3=C2)=C1O,0.453
XSEWDLLFUPPPPL-PYHSYOTJSA-N,CC(C)=CCC/C(C)=C/CC/C(C)=C/CC/C(C)=C/CC/C(C)=C/CC/C(C)=C/CC/C(C)=C/CC1=CC(OS(=O)(=O)O)=CC=C1OS(=O)(=O)O,0.407
PVPJLZORNPIRDJ-UHFFFAOYSA-N,O=C(COC1=CC=CC=C1C(=O)NC1=CC=CC=C1)NC1=CC=C(C2=CC=CC=C2)C=C1,0.29
XTSDSKNXFWPJCS-NSHDSACASA-N,N#C[C@@H]1CCCN1C(=O)CNC(=O)C1=CC=NC2=CC=CC(Br)=C12,0.403
DCDJWNFOPNVBIM-FQEVSTJZSA-N,COC1=CC(OC2=CC=C(S(=O)(=O)N3CCSC(C)(C)[C@@H]3C(=O)NO)C=C2)=CC(OC)=C1OC,0.447
GDFYISKVYDVGFG-UHFFFAOYSA-N,NS(=O)(=O)C1=CC=C(CNC2=NC=C(C3=CC=NC=C3)C(C3CC3)=N2)C=C1,0.343
VJMVNQZATKXTJV-UHFFFAOYSA-N,C1=COC(C2=NC(CN3CCOC(CN4C=CC=N4)C3)=CS2)=C1,0.32
WDMCNBXVZBAGKS-UHFFFAOYSA-N,CN(CC1=CC=CC=C1)C(=O)C1=CC2=C(C3=CC=CC=C3N(C)C2=O)S1,0.32
KELKEHFTJFLDAM-UHFFFAOYSA-N,O=C(NC1=CC=C(OC(F)(F)F)C=C1)NC1COC2=CC=CC=C2C1,0.353
RIWLBIRNODUKPF-UHFFFAOYSA-O,CC(=O)NC1=CC=C(OCC[N+]2=CC=CC(C(N)=O)=C2)C=C1,0.287
OCHUYZCQFZEMGU-UHFFFAOYSA-N,CC1=CC=C(C(=N)NOC(=O)C2=CC=C3C=CC=CC3=C2)C=C1,0.39
YPTJNIBVBKYEEA-UHFFFAOYSA-N,O=C1OC2=CC(Br)=CC=C2C=C1C1=NC2=CC=CC=C2N1,0.437
CSMOSYIFOGJHKG-UHFFFAOYSA-N,CC1=CC=C(C(=O)NC2=CC=C(CN3CCN(CCF)CC3)C(C(F)(F)F)=C2)C=C1C#CC1=CN=C2C=CC=CN12,0.337
GIQVCZVUJSCCTL-GDLZYMKVSA-N,O=C(N[C@H](CC1=CSC2=CC=CC=C12)C(=O)N1CCC(N2CCCCC2)CC1)N1CCC2(CC1)N=C(C1CCCCC1)NC2=O,0.377
CKYVVFHKUHKNAC-WJFTUGDTSA-N,CC(C)(CN)CNC(=O)[C@H]1[C@H](C(=O)NCC2=CC=C(Br)C=C2)[C@@H]2C=C[C@H]1C21CC1,0.327
DIEZPUQWGLSRSX-UHFFFAOYSA-N,O=C1C=C(NC2=CC=C(Cl)C=C2)CC(C2=CC=CO2)C1,0.343
VJOQCICRCCURSU-UHFFFAOYSA-N,O=[N+]([O-])C1=NN(CCCN(CC2=CC=C(C(F)(F)F)C=C2)CC2=CC=C(C(F)(F)F)C=C2)C=N1,0.343
OSZGNMXDUIRKKS-UHFFFAOYSA-N,CC(=O)NC1=NC=CC(C2=CC(C3=CC=CC=C3)=NO2)=N1,0.297
DVTVJGRKHOHFDN-UHFFFAOYSA-N,COC1=CC=CC=C1CNC(=O)C1=CC=C(OCC2CCCO2)C=C1,0.447
IKGBPSZWCRRUQS-QAHQDLQKSA-N,CC(=O)[C@@]1(O)[C@H](C)C[C@H]2[C@@H]3CCC4=CC(=O)C=C[C@]4(C)[C@@]3(F)[C@@H](O)C[C@]12C,0.38
BXSVKKGVTBCQAK-UHFFFAOYSA-N,COCCC1COC2(CCN(C(=O)C3CCCCC3)CC2)C1,0.407
PRYSYKQNIPXASP-UHFFFAOYSA-N,COC1=CC=CC=C1NC(=O)CSC1=NN=CN1N,0.427
MGGVELXUGLBXKY-BWAHOGKJSA-N,CN(C)C1=CC=C(/C=C(\NC(=O)C2=CC=CC=C2)C(=O)NC2=CC=CC(C(=O)NCCCO)=C2)C=C1,0.387
BVHSBJDVWQILPE-UHFFFAOYSA-N,C1=CC=C2C(=C1)C1=C(N2CCCN2CCCCC2)CN(CCCC2=CC=NC=C2)CC1,0.367
DNCFKDLZZSXXJP-UHFFFAOYSA-N,CSC1=NN(C2=C(Cl)C=C(C(F)(F)F)C=C2Cl)C(N)=C1Br,0.373
QCIMKMDGHYXCEB-UHFFFAOYSA-N,CC1=C(C(=O)OCC2=CC=CC=C2)C(C2=CC=C(C3=CC=CC=C3C)C=C2)NC(=S)N1CCCCCC1=NN=NN1,0.3
GWYSKADJFXQKRX-GFCCVEGCSA-N,CCCNC(=O)[C@H]1CC2=C(SC3=CC=CC=C23)CN1,0.42
JUPLUOFUEJQTPN-CMDGGOBGSA-N,CS(=O)(=O)N(C1=CC(C(F)(F)P(=O)(O)O)=CC=C1/C=C/C1=CC=CC=C1)S(C)(=O)=O,0.387
BGJPJCPOUAXYOC-UHFFFAOYSA-N,CC1=CC=C(O)C(C(=O)C2=CN=CN=C2)=C1,0.393
IAVNJUYGRPZKCF-FTBISJDPSA-N,Cl.O=C(NC1=CC=C(CCNC[C@H](O)COC2=CC=CC=C2)C=C1)C1=CC=CC=C1,0.353
VLOMEILIKQSBAS-UHFFFAOYSA-N,COC1=CC(O)=C2C(=O)C=C(C(=O)NCCCCCCN(C)CC3=CC=CC=C3OC)OC2=C1,0.393
MPBXIJRHMMFZHW-UHFFFAOYSA-N,COC(=O)CNC1=CC=C(C2=NC(CC3=CC=C(OC)C=C3)=NO2)C=N1,0.37
DRNVBQWMNNPEEW-UHFFFAOYSA-N,O=C(CCN1C=CC=N1)N1CCSCC1,0.343
SRVYWMPHAPBHFJ-UHFFFAOYSA-N,CC(C)(C)OC(=O)NCC1=CC=C2C(C3=CC=C(F)C=C3)=CC(C(N)=O)=NC2=C1,0.317
NMDBMKMFARAOPP-ATANMQQVSA-N,CC[C@]1(C(=O)O)CC[C@H](C(=O)N2CC[C@](C3=CC=C(C(F)(C(F)(F)F)C(F)(F)F)C=C3)(S(=O)(=O)C3=CC=C(F)C=C3)C2)CC1,0.42
CFNYSLVJMDSAMV-BBUCOZJOSA-N,COC1=C(O[C@@H]2O[C@H](CF)[C@@H](O)[C@H](O)[C@H]2O)C=C2C(=C1OC)C1=CC=C(SC)C(=O)C=C1[C@@H](CNC(C)=O)CC2,0.393
UDEIJCCUYJHGMJ-UHFFFAOYSA-N,COC1=CC=C(S(=O)(=O)NCCSC2=NN=NN2C2=CC=CC=C2)C=C1OC,0.493
BQVZICWQBFTOJX-QNDZYWSYSA-N,C[C@@H]1C[C@@](N)(C(=O)O)[C@@H]2[C@@H](C(=O)O)[C@H]12,0.337
XGVQHNUPYYISQD-UHFFFAOYSA-N,CC1=CC=CC(C(=O)N2CCN(C3=CC=C(C(F)(F)F)C=N3)CC2)=C1C,0.317
LHBDJOOCOGNAPZ-UHFFFAOYSA-N,OC1=CC=C(C2=CC3=CC=CC(Cl)=C3O2)C=C1,0.397
MDRQEFUKIMUQFX-AIBWNMTMSA-N,CCC(C(=O)N[C@@H](CC(=O)O)C(=O)CNCN1CCC2=CC=CC=C2C1)N1C=CN=C(NCC2=NON=C2C)C1=O,0.387
VVZCMIMCJKOCNN-UHFFFAOYSA-N,CC1=NC2=CC=C(NC(=O)C3=CC=CS3)C=C2S1,0.31
VTSGYJHHFSZLHK-UHFFFAOYSA-N,O=C(NCC(=O)N1CC(O)CC1C(=O)N1CC(O)CC1C(=O)OCC1=CC=CC=C1)OCC1=CC=CC=C1,0.423
XAKFGUJDOOSGLA-ZRDIBKRKSA-N,OC1=C(/C=C2\C=NC3=CC=CC=C23)SC(NC2=CC=CC=C2)=N1,0.267
XAGBKVQEHQHFIF-YKSBVNFPSA-N,COC(=O)[C@H]1CN(CCC(=O)N2CCCCC2)CC[C@H]1CCC(=O)C1=CC=NC2=CC=C(OC)C=C12,0.46
KEPCRQPBSHAPNH-UHFFFAOYSA-N,COC1=C(Cl)C=C(Cl)C(O)=C1C(=O)NCCN1CCN(C2=CC=CC=C2)CC1,0.437
OXYZHFWSNIKIBZ-UHFFFAOYSA-N,COC1=CC=CC(C2=CC(C(=O)NC3=CC4=CC=C(OC5CCNCC5)C(C)=C4OC3=O)=CC=C2OC)=C1,0.45
RTMDCQYUXWCPQG-UHFFFAOYSA-N,CCN1SC2=CC=CC=C2C1=O,0.307
BUAPSNKVPWEGPA-SECBINFHSA-N,N[C@@H](CS)CC1=CC=CC=C1,0.253
FNEMLYLQYCOWSI-LICLKQGHSA-N,CN1C(C2=CC=C(Cl)C=N2)=C(C2CCCC2)C2=CC=C(C(=O)NC(C)(C)C(=O)NC3=CC=C(/C=C/C(=O)O)C=C3)C=C12,0.443
NSOSGFJJXFKRDG-DSKATIKOSA-N,OC[C@@H]1OC(N2C(S)=NC3=C(O)N=CN=C23)[C@@H](O)[C@H]1O,0.43
YUTIWGCQKKKLLJ-UHFFFAOYSA-N,CN(C)C1=CC=C2N=C(N)N=C(N)C2=C1Cl,0.34
WTYHHLUYXYYOKH-UHFFFAOYSA-N,O=C(CC1=CC=C(Cl)C=C1)NC1=NC2=CC=CC=C2O1,0.333
WOWNOIWGVRNZFD-UHFFFAOYSA-N,CC1CC(OCC(O)CN2CCN(CC3=CC=CC=C3)CC2)CC(C)(C)C1.Cl,0.347
AMHPTVWBZSYFSS-UHFFFAOYSA-N,CN1C2CCC(C)(C)C1CC(OC(=O)C(O)(C1=CC=CS1)C1=CC=CS1)C2,0.41
GJLZZFMOTYNFTR-PKNBQFBNSA-N,CCN(C)C(=O)OC1=CC=CC(CCNC(=O)/C=C/C2=CC=C(O)C(OC)=C2)=C1,0.56
NDXHJDVLMQJJQL-UWPQIUOOSA-N,CNC[C@H](CC1CCCCC1)NC(=O)N1CCC[C@@H]([C@@](O)(CCCCOC)C2=CC=CC(OC)=C2)C1,0.357
OSLLJZQZZPCQEN-UHFFFAOYSA-N,CSC1=NC=C(Cl)C(C(=O)NC2=C(C(=O)C3=CC=C(Cl)C=C3)OC3=CC=CC=C23)=N1,0.507
AXTRRTMVQMYCRV-UHFFFAOYSA-N,CCCCCCN1C=NC2=C3C=CC=CC3=C3C(=C12)CCC(C)(C)O3,0.433
FNNJASPFRMWKET-SAPNQHFASA-N,CCN(CCCCCN(C(C)=O)C(=O)/C=C/C1=CC=C([N+](=O)[O-])C=C1)CC1=CC=CC=C1,0.373
ABAGTJARVQFMJH-UHFFFAOYSA-N,COC1=CC=C(C2=NN=C3SC(C(C)N4C(=O)C5=CC=CC=C5C4=O)=NN23)C=C1,0.307
ZKKQCCSHBYRQHR-UHFFFAOYSA-N,O=C(O)C(=O)C1CC2=CC=C([N+](=O)[O-])C=C2CN1S(=O)(=O)C1=CC=C(C2=CC=C(F)C=C2)C=C1,0.348
QYMYUAYALRNHHU-ULIFNZDWSA-N,CCC1=NC(N)=NC(N)=C1C1=CC=C(Cl)C(/N=N/N(CCOC(C)=O)CC2=CC(OC)=C(OC)C(OC)=C2)=C1,0.42
VYMNBUQVQUXHSM-UHFFFAOYSA-N,CCCN(CCC)C1=CC(C)=NC2=C(C3=NC=C(N=O)C=C3C)C(C)=NN12,0.463
KAFILMATCGJLAJ-DOMZBBRYSA-N,COCC1=C(C2=CC(F)=CC(F)=C2)N(C)N=C1CN[C@H]1CC[C@@H](F)C1,0.403
WMHUNWSSFWGGDP-DEOSSOPVSA-N,CC1=NNC2=CC=C(C3=CN=CC(OC[C@@H](N)CC4=CC=CC(OCCN5CCOCC5)=C4)=C3)C=C12,0.453
HVGMAUSTZLWHEQ-PKTZIBPZSA-N,CC1=NN(C2=CC=CC=C2)C2=C1[C@@H](C1=CC=C(F)C=C1)[C@H](NC(=O)C1=CC=CC(C(F)(F)F)=C1)C(=O)N2,0.47
PVHBNBZBXUWLBW-QFBILLFUSA-N,C=C1C(=O)O[C@H]2C3=C(C)C(OC(=O)C4=CC=CN=C4)=CC(C)=C3CC[C@@H]12,0.393
KKPGANILSLDBNG-UHFFFAOYSA-N,C=CCN1C(SCC(=O)NC2=CC(C)=C(Cl)C=C2OC)=NN=C1C1=CC=CO1,0.43
NMXILYPHEODMRP-UHFFFAOYSA-N,O=C1C2C3C=CC(C3)C2C(=O)N1CCNC1=C2C(=NC3=CC=CC=C13)C=CC=C2,0.377
IIRVXNJEGFDTAK-UHFFFAOYSA-N,O=C(CCN1C(=O)C2=CC=CC3=CC=CC(=C23)C1=O)NCC1=CC=CN=C1,0.373
HLZVVLMUAFJYCR-ZJUUUORDSA-N,CC1(C)[C@H](C(=O)N=C(N)N)[C@H]1C1=CC(Cl)=CC=C1Cl,0.35
GDYUSSFBUVJSFX-UHFFFAOYSA-N,CN(C1=CC=C(Cl)C=C1)S(=O)(=O)C1=CC=CC(C(=O)NC2=CC(Cl)=CN=N2)=C1,0.397
VJSAWYZVLZLFPP-UHFFFAOYSA-N,COC1CN(C(=O)C2=CC=C(C3=CC=C4N=C(C(C(=O)NCCS(N)(=O)=O)S(C)(=O)=O)SC4=C3)C=C2)C1,0.413
IWVCMVBTMGNXQD-RKLSJVJESA-N,CN(C)[C@@H]1C(O)=C(C(N)=O)C(=O)[C@]2(O)C(O)=C3C(=O)C4=C(O)C=CC=C4[C@@](C)(O)[C@H]3[C@H](O)[C@@H]12,0.25
PNYHUCVZDPPOTQ-UHFFFAOYSA-N,CCN1CCCC1CNC(=O)C1=C(OC(C)C)C=CC=C1OC(C)C,0.38
OMSHDEAJFKOTEV-UHFFFAOYSA-N,O=C(NC1=CC=CN(CC(=O)N2CCOCC2)C1=O)C1=CC=CC=C1,0.347
VCJFLOUIZAJBAA-UHFFFAOYSA-N,CC1=CC=C(C2=NN=C(N3N=C(C)C=C3C)C3=CC=CC=C23)C=C1,0.347
JFWNERIMAUEHNN-MRXNPFEDSA-N,N[C@H](CC1=CC=C(Cl)C=C1Cl)C(=O)N1CC2=CC=CC=C2C1,0.34
YUUYGPGETZPGDG-UHFFFAOYSA-N,FC1=CC=CC(CNCC2CN3N=NC=C3CO2)=C1,0.333
RGJOEKWQDUBAIZ-DRCCLKDXSA-N,CC(C)(COP(=O)(O)OP(=O)(O)OC[C@H]1O[C@@H](N2C=NC3=C(N)N=CN=C23)[C@H](O)[C@@H]1OP(=O)(O)O)C(O)C(=O)NCCC(=O)NCCS,0.427
JTMLSGGBBKYZLY-LEKXZLICSA-N,CC1=CC([C@H](N)C(F)(F)F)=NC=C1C1=CC=C2C=C(NC(=O)C3C[C@@H]3F)N=CC2=C1,0.42
IFGYDSLRAALKHK-ILBGXUMGSA-N,O=C(NC1=CC=C2C=CC=CC2=C1)O[C@@H]1CC2=C(O)C=C(O)C=C2O[C@@H]1C1=CC(O)=C(O)C(O)=C1,0.417
VCKUAASJHBESRB-UHFFFAOYSA-N,O=C(O)C1=CC=C(CC2=C(C(=O)O)N(CC3=CC4=C(C=C3Cl)OCO4)C3=CC=CC=C3C2=O)C=C1,0.343
STHXBYBOTUFDBJ-UHFFFAOYSA-N,NC(=O)C1=CC=CC=C1OCCCNCCC1=CN(S(=O)(=O)C2=CC=CC=C2)C2=CC=CC=C12,0.343
MCALIAMJFSHRDW-UHFFFAOYSA-N,CCOC(=O)C1=CC=CC=C1NC(=O)CSC1=NN=C(CC2=CC=CN2C)N1C1=CC=C(F)C=C1,0.403
KIKGLPDJZDAKFB-UHFFFAOYSA-N,CCN(CC)C1=CC=C(CN2CCC(C(=O)NCC3=CC=C(C)C=C3)CC2)C=C1.O=C(O)C(=O)O,0.357
NBPXVOSSMHRDJZ-UHFFFAOYSA-N,CC1=C(C2=CC=C(O)C(O)=C2)C(=O)OC2=CC=C(Cl)C=C12,0.437
QGOKHJLXPOTHNJ-YRNVUSSQSA-N,COC1=CC=C(/C=C/C(=O)NCCC2=CC=C(OC)C(OC)=C2)C=C1,0.453
YHUDTIVTAMYXRA-UHFFFAOYSA-N,O=C(COC1=CC=C(Br)C=C1)NC1=CC=C(CN2CCOCC2)C=C1,0.333
RLNMCUAMQQOYEG-NTEUORMPSA-N,O=C(O)/C=C/C1=CC=C(OC(=O)CCC2=CC=CC=C2)C(OCC2=CC=C(Cl)C=C2)=C1,0.46
ZZNGBIBRJZOOQT-UHFFFAOYSA-N,CC1=NN(C2CCS(=O)(=O)C2)C(C)=C1CN(C)C(=O)C1=CC=CC=C1,0.397
RBFHCAHIEQNMRT-UHFFFAOYSA-N,O=C1NC2=CC=CC=C2N1CCCCN1CCN(C2=CC=CC=C2)CC1,0.37
GHYGHECQPGYGCH-UHFFFAOYSA-N,CCN(CC)C(=O)CN1C=C(S(=O)(=O)CC(=O)NC2=CC=CC=C2C)C2=CC=CC=C12,0.417
HLQRUSCKAUPCMH-UHFFFAOYSA-N,CCOC(=O)C1(CC2=CC=C(OC)C=C2)CCN(C(=O)C2=CC=CC3=NC=CN=C23)CC1,0.44
HMQPEDMEOBLSQB-MKPFUTSWSA-N,CC(=O)N[C@@H]1[C@H](O)O[C@@H](CO)[C@@H](O)[C@@H]1O[C@@H]1O[C@@H](CO)[C@H](O)[C@H](O)[C@@H]1O,0.353
FOHMSRQIKUEZRX-UHFFFAOYSA-N,C=CC(=O)NC1=CC=CC(NC(=O)NC2=CC=NC(NC3=CC=C(C(=O)N4CCOCC4)C=C3OC)=N2)=C1,0.377
KTKFYAKLGPAHKA-UHFFFAOYSA-N,CN(C)C1=NC2=CC(N3C=NC4=C(SC(C5=CC=C(Cl)C=C5)=C4)C3=O)=CC=C2N1C,0.41
FZVSEIOEFSDZOA-UHFFFAOYSA-N,CC1=CC(SC2=C(O)OC(CCC3=C(C)SC=N3)(C(C)C)CC2=O)=C(C(C)(C)C)C=C1CO,0.453
YOQPANSJZKFLMM-UHFFFAOYSA-N,O=C1NCC2(CCNCC2)C2=C1C=C(C1=CC=NC(C3=CC(Cl)=CC(Cl)=C3)=N1)N2,0.41
TXNDQRUHIVXZPC-UHFFFAOYSA-N,CCN(CC)C(=O)C1=CC(Cl)=CC(C)=C1NC(=O)C1CC(C2=CC=C(F)C=C2)=NO1,0.373
BIZPODKYIXENDL-UHFFFAOYSA-N,CC(CN1C=CC=N1)N1C=NC2=CC=CC(F)=C2C1=O,0.38
DAEZZWXOBPFGQJ-UHFFFAOYSA-N,CS(=O)(=O)N1CCN(C(=O)C2=CC(C3=CC=CS3)=CS2)CC1,0.3
NGVUCJQUYYULDY-UHFFFAOYSA-N,O=C(O)C1=CNC2=CC(F)=C(C3=CC=C(C4(O)COC4)C=C3)C(F)=C12,0.28
DRHSVFXMBSQDIC-REZTVBANSA-N,O=C1NC2=CC=C(Cl)C=C2/C1=N/N=C/C1=CC=C(O)C(O)=C1,0.437
PUJLWVRCHNDSJW-KAMYIIQDSA-N,CCOC1=CC=C(/C=C2\SC(=O)N(CCN(C)C)C2=O)C=C1,0.427
TZOFMWSBWHEPLQ-UHFFFAOYSA-N,N#CC1(NC(=O)C2=NC=CC3=CC=CC=C23)CCC1,0.467
BQQUXECVVCRHDK-UHFFFAOYSA-N,CC1=CC=C(S(=O)(=O)N2N=C(C(F)(F)F)CC2C2=CC=C3C(=C2)OCO3)C=C1,0.387
DXDUQLMAAOSGSO-UHFFFAOYSA-N,CCC(C)(C)C1=CC=C(OCCCCCN2CCC(C)CC2)C=C1.O=C(O)C(=O)O,0.387
UPYLUSZZUKVKLC-UHFFFAOYSA-N,COC1=CC2=C(OC3=CC=C(NC(=O)C4=C(C)N(C5=CC=C(OC(F)(F)F)C=C5)C(=O)N4C)C=C3F)C=CN=C2C=C1OCCCN1CCC(C)CC1,0.473
XKMULHOCWAMMBP-FQNRMIAFSA-N,COC1=CC=C(C2=NOC(C(C)NC3=NC=CC(N4C(=O)OC[C@@H]4C(C)C)=N3)=N2)C=C1,0.387
MRMNCFGODMCHHJ-UHFFFAOYSA-N,CC1=NC(NC2=NC(O)=CC(CSC3=CC=C(Cl)C=C3)=N2)=NC2=CC=CC=C12,0.377
LCGMLPPGXVKXSO-UHFFFAOYSA-N,CC1=CC=C(N2C(C)=CC(C(=O)CSC3=NN=CS3)=C2C)C=C1,0.367
DLZIJJOVXGIHAK-UHFFFAOYSA-N,CC1=CC(OCC(C)(C)C(=O)O)=NC=C1C1=CC=C(C2=NC(C(F)(F)F)=CN2)N=C1,0.31
UKUVGWIFFPYCNX-UHFFFAOYSA-N,CC1=NC2=CC=CN=C2N1C1=CC=CC(C(=O)N2CCN(C3=CC=C(Cl)C=C3)CC2)=C1,0.48
CHTQGTQAWFRXST-OVCLIPMQSA-N,CCOC(=O)CN1N=C(C)N(/N=C/C2=CC=NC=C2)C1=O,0.3
ZKHMWPAAYBGYRT-UHFFFAOYSA-N,COCCCNS(=O)(=O)C1=CC=C(OC2=NC=C(C(F)(F)F)C=C2Cl)C=C1,0.403
FTZUJTIVZAUIDZ-UHFFFAOYSA-N,CN1N=C(C(=O)OCC(=O)NCC2=CC=C(Cl)C=C2)C2=CC=CC=C2C1=O,0.353
MQQYVVHTILNTJB-UHFFFAOYSA-N,O=C(CCNS(=O)(=O)C1=CC=CC=C1)NNC(=O)C1=CSC(N2CCOCC2)=N1,0.38
BALGLXVDJIQVRU-UHFFFAOYSA-N,COC1=CC=C(C(C)=O)C=C1CSC1=NC2=CC=CC=C2C(=O)N1C1=CC=CC(C)=C1,0.407
ZUOXMLSPIUSXPR-UHFFFAOYSA-N,COC1=CC=C(C(=O)NC2=C(C)N(COC3=CC=CC(C(F)(F)F)=C3)N=C2C)C=C1,0.423
BZKKQQPSWQGCMH-UHFFFAOYSA-N,CCOC1=CC=C2NN=C(C3=CC(N4CCN(S(C)(=O)=O)CC4)=NC=N3)C2=C1,0.39
ZQYHBNRTJLLJDT-FTJBHMTQSA-N,CCOC(=O)[C@H](CC1=CC=C2C=CC=CC2=C1)NC(=O)[C@@H](CC1=CNC2=CC=CC=C12)NC(=O)C(C)(C)N,0.397
BHGQPVMWEFIEAF-UHFFFAOYSA-N,CC(C)C(NS(=O)(=O)C1=CC=C2C(=C1)OC(=O)N2C)C(=O)NCCC1=CC=CC=C1,0.283
PPCGMGHPTLIZSS-AUVZLTIHSA-N,COC1=CC=C2N=CC(F)=C([C@@H](O)CC[C@@H]3CCN(C4CC(C5=CC=C(F)S5)C4)C[C@@H]3C(=O)O)C2=C1,0.51
MNIDWLWYGMGCFC-UHFFFAOYSA-N,CC(=O)N1N=C(C2=CC=C(N3N=C(C)N(N)C3=O)C=C2)CC1C1=CC=CC=C1,0.413
XGQKCXRYLZPINK-CMDGGOBGSA-N,C#CCN1C(=O)C2=C(N=C(/C=C/C3=CC=CC(Cl)=C3)N2)N(CC(C)C)C1=O,0.3
INNWZDNVOIAPRP-UHFFFAOYSA-N,CCOP(=O)(OCC)C1(P(=O)(OCC)OCC)CC(C(=O)CC)=NN1,0.38
HFBMDIULZYYHMK-UHFFFAOYSA-N,CN(C(=O)C1=CC=CC=C1Cl)C1CCCCC1,0.343
NISINGSLNFLSEX-UHFFFAOYSA-N,O=[N+]([O-])C1=CN(C2=CC=C(Br)C=C2)C=N1,0.423
YKRJYBLIPVQHIC-UHFFFAOYSA-N,O=C(O)C1=CC=C(NC(=O)C2=CC3=CC(Br)=CC(Br)=C3OC2=O)C=C1,0.31
WLRBRLHIZWBIQE-UHFFFAOYSA-N,CCCOC1=CC=C(N2C(=O)CC(N3CCC(C(=O)OCC)CC3)C2=O)C=C1,0.49
ARUDRDZEAIFFFO-UHFFFAOYSA-N,CCC(C)(NCC(=O)NC(=O)NC)C1=NC=CS1,0.35
FDGHNDMFQXREFC-UHFFFAOYSA-N,CC(C)(C)C1=CC=C(C2=CN(C(CN3CCSCC3)C3=CC=C4SC5=CC=CC=C5C4=C3)N=N2)C=C1,0.37
RWDSZWNVYRUBLM-UHFFFAOYSA-N,COC1=C(C2CCC2)C=CC(C2=NC=C(N)N=C2C#N)=C1F,0.437
SEBALDIRDDKSDU-UHFFFAOYSA-N,N#CC1=CC=CC(C2C3=C(CCC3=O)NC3=C2S(=O)(=O)CC3)=N1,0.343
STUATAGTAUNARV-UHFFFAOYSA-N,CC1=CC=C(CN2C(C(C)NC3=NC(C4=CC=C(F)C=C4)=CS3)=NC3=CC(C(=O)NCCCO)=CC=C23)C=C1,0.387
NXXVJKXSPBXVLO-UHFFFAOYSA-N,CN(CC1=CC=C2C=NNC2=C1)C(=O)CCC1=CC=CC(C2=NC3=C(N)N=CN=C3N2)=C1,0.37
AVZYAMPJJDVPDJ-UHFFFAOYSA-N,O=C1C2=C(NC(=S)NC2C2=CC=CC(CO)=C2)C2=CC=CC=C12,0.273
XDOKHHIHQWUBSF-UHFFFAOYSA-N,CCCNC(=O)COC(=O)C1=CC(C)=NC2=CC=CC=C12,0.393
IDJVQGABBCXBQJ-UHFFFAOYSA-N,ClC1=CC=C(CN2CCN(CC3=CC=C(C4=CC=NC=C4)C=C3)CC2)C=C1,0.333
XXTKRPLVXDVTJR-UHFFFAOYSA-N,N#CC1=CN=C(SCC(=O)N2CCCCC2)N=C1N,0.487
QCEFOIDJHJPYIB-MDWZMJQESA-N,CC12CCC(C/C1=N\NC(N)=O)C2(C)C,0.29
QTLPNFZRBVSFGU-XMMPIXPASA-N,COC(=O)[C@H](NC(=O)C1=CC(C2=CC=CC=C2)=NC2=CC=CC=C12)C1=CC=C(OC)C=C1,0.41
BMDLYMLRGRZGPA-UHFFFAOYSA-N,OC1=NC2=CC(=CC(=C2C(O)=C1CC)C)C,0.357
AJWJUABFMWJDOS-UHFFFAOYSA-N,O=C(OCC(O)C1(CC=2C=CC=CC2)CCCC1)C34OC4(C(=O)C=5C=CC=CC5C3=O)CC(=C(C)CCC=6C=CN=C(N)C6)CO,0.37
PUSJAEJRDNPYKM-UHFFFAOYSA-N,O=C(C=1C=C(SC1C)C)C,0.347
XVOAXVQQYLZLDG-UHFFFAOYSA-N,O=C(O)C(CCCCCCC(O)CCCCCCC)C(O)CCC1(O)CCCC1CC2=NC(=C[CH-]2)CCC=3C=CC=CC3,0.307
JTJMCXKXRVUHDL-UHFFFAOYSA-N,O=S(=O)(C1=CC=C(C=C1)CNC2C(O)C(N3N=CC(Cl)=C3)C4OCC2O4)C,0.447
QYDZLDCLDUNLER-UHFFFAOYSA-N,O=C(NCC1OCC(NC2CCNCC2)C1O)NC(C)C,0.333
GNASGDWBVKQWFA-UHFFFAOYSA-N,O=C1N(CCOC)C2CN(CC2OC1)S(=O)(=O)C,0.34
AAGYRUQWSQMMAM-UHFFFAOYSA-N,OC1=NC(=NC=2C=CC=CC12)SCC(O)=NC3=CC=C4OCOC4=C3,0.47
WLFCRFPUULHAJH-UHFFFAOYSA-N,ClC1=CC=C(C=C1Cl)CNC2C(O)C(N3N=CC(=C3)C)C4OCC2O4,0.37
QNHFLCWFHADENI-UHFFFAOYSA-N,O=C(O)C1C2C3(OC(=O)C2(C)C(O)CC3O)C4CC(O)C5C(=C)CC14C5,0.293
PSOZJOZKEVZLKZ-UHFFFAOYSA-N,N1=C(OC=C1C)C,0.327
KILJBYNTDPGFBA-UHFFFAOYSA-N,O=C(OCC1CC(C=CC1NCC)CC)C23OC3(C(=O)C=4C=CC=CC4C2=O)CC=C(C)CC(NC(=N)NC)C=5C=CN=C(C5)NCNC,0.29
KMNXIHPAOXZMGP-UHFFFAOYSA-N,O=C(N1CC2N(CCOC2)C3(C1)CN(CC=4C=CC=CC4F)C3)C,0.327
OPUBKHRUNTZLSI-UHFFFAOYSA-N,N1=COC=2C=NN(C=C)C12,0.433
FOKGANITWCEVNI-UHFFFAOYSA-N,O=C(NCC1OC2CC(OC2C1O)CC(=O)NCC=3C=NN(C3)C)NC4CCCCC4,0.413
HGMWFNWKPRKEHM-UHFFFAOYSA-N,OC1=CN=C2C=NC=CN12,0.417
OTOOKOQDBDGCBJ-UHFFFAOYSA-N,O=C(O)C(CCCCCCC(O)CCCCCCC)C(O)CCC1(O)CCCC1CC2=NC=C([CH-]2)C=3C=CC=CC3,0.377
NIWLAFNUDPQSNU-UHFFFAOYSA-N,O=C(OC(CCCO)C1CC2CCC=CC2CC1NCC)C34OC4(C(=O)C=5C=CC=CC5C3=O)CC(=C(C)CCC=6C=CN=C(C6)NCNC)CO,0.287
HSCLOKRTYZRMLU-UHFFFAOYSA-N,O=C(NCC1=NC=CN1C)CC2OC3C(O)C(OC3C2)CNC4CCNCC4,0.387
AMHPTXTUWCEFQO-UHFFFAOYSA-N,O=C(OC1CC(C)CC(OC(C(=C)C)(C)C)C=C(C)C(O)C2OC(=O)C(=C)C12)C(=CC)C,0.353
XUXLSGHXGOCVMT-UHFFFAOYSA-N,O=C(NC1CCCCC1)C2N(CCC2)C(C(=O)NC)(C)C,0.343
HSHFLTDGOBKNFV-UHFFFAOYSA-N,N=NC=1OC2=CNC=C2C1,0.313
NPTMPKBEAUYEAM-UHFFFAOYSA-N,O=C(OC)C(OC)C(OC=1C=CC=CC1)C=2C=CC=CC2,0.337
KHVRPSQMJWWCQA-UHFFFAOYSA-N,O=NC1=CC2=CNNC2=C1,0.35
OMOLDRXZKFFGJI-UHFFFAOYSA-N,O=C(OC=1C=CC=CC1CS(=O)CC)NC,0.38
QROQIFMMQMKJBR-UHFFFAOYSA-N,N(=C)C=1OC=C2NC=NC12,0.38
LFSAPCRASZRSKS-UHFFFAOYSA-N,O=C1CCCCC1C,0.3
XYGIFHYPLRCNTG-UHFFFAOYSA-N,O=C(OCC(=CC=CC(=CC=CC=C(C=CC=C(C(=O)CC1(O)C(=CC(=O)CC1(C)C)C)C)C)C)C=CC2C(O)(C)CC(O)CC2(C)C)C,0.407
YLXKLHICWIQKRB-UHFFFAOYSA-N,N=1C(=CNC1C2NCCOC2)C(C)(C)C,0.3
TVWBWDIJOLFFCK-UHFFFAOYSA-N,O=C1OCC2(OC3OC(CO)C(O)C(O)C3O)OC(CO)C(OC(=O)C4C1C(C5=CC=C(O)C(OC)=C5)C4C6=CC=C(O)C(OC)=C6)C2O,0.49
DWOJDUZRPDSXQJ-UHFFFAOYSA-N,O=C(N1CCC(NC2(COC2)CC3=NOC(=C3)COC)CC1)C,0.447
WDOQPBBIVMYLNX-UHFFFAOYSA-N,OCC1C(O)CC(NC2CCC2)C1CC3=NC(=NC=C3)COC=4C=CC=CC4,0.367
GFCYDNAFMHZTGV-UHFFFAOYSA-N,O1CN(CC=2C=CC=CC2)CCCC1OCC,0.327
WTSQKNIQGKBOMC-UHFFFAOYSA-N,O=C1OC2CC(C)C3(O)OC(C)(CC(O)C2C1=C)C(O)C3,0.343
FPWXBMGMPKHOIB-UHFFFAOYSA-N,FC=1C=CC(=CC1)C=2ON=C(C2)CC3OC(CNCC(O)CO)C(O)CC3,0.327
ZLXLDLCVFQOLHH-UHFFFAOYSA-N,O=C(O)CC1CCN(C(=O)NC2CCCCC2)CC1CC,0.353
WTKNNMLCNSHDPK-UHFFFAOYSA-N,O=C(NCC1C=C(C)C(CC2=NC=3C=CC(F)=CC3N2)CC1C(C)C)C=4C=CN=C(Cl)C4,0.433
KFELGUUDPHCZMY-UHFFFAOYSA-N,O=C(O)C(O)C(=O)OCC1OC(OC2=CC=C3C(=O)C(=COC3=C2)C=4C=CC(O)=CC4)C(O)C(O)(CO)C1O,0.38
CTXGUHSUQFKNCC-UHFFFAOYSA-N,N=C1ON=CC=2NC=CC12,0.337
RQGLMLQGXGOUCW-UHFFFAOYSA-N,FC(F)(F)C1=CC=C(C=C1)CNC2(COC2)CC3=NOC(=C3)CO,0.363
FMXLUDZZLGVUGM-UHFFFAOYSA-N,OC1C(NC2CC=3C=CC=CC3C2)C4OC(OC4)C1N5C=NC=C5,0.307
BSLBWHORGOTWNT-UHFFFAOYSA-N,FC=1C=CC(=C(F)C1)C=2N=C(NC2)C3N(CCOC3)CC4CC4,0.32
XJSGQWSKNUFDPM-UHFFFAOYSA-N,O=C(NC1=CC=C(F)C=C1)NCC2C=C(C)C(CC3=NC=4C(=CC=CC4C)N3)CC2C(C)C,0.347
FAQRUJCAUFLERP-UHFFFAOYSA-N,O=CC1(C)C(O)CCC23CC43CCC5(C)C(CCC5(C)C4CCC12)C(C)CCC(=C)C(C)C,0.397
XFPRMKPNRDLKOU-UHFFFAOYSA-N,O=C(NC=1C=CC=C(OC)C1)NCC2OC(CC3=NOC(=C3)CN4CCNCC4)CCC2O,0.45
UNCPQZPIWCCBQG-UHFFFAOYSA-N,O=C1N(CC2=NC=CN2C)C3CN(CC3OC1)S(=O)(=O)C,0.39
CFTIXIAHFQVNOE-UHFFFAOYSA-N,N=1OC(=CC1CC2(NCC=3C=CC=CC3OC)COC2)C=4C=CC(OC)=CC4,0.363
ZNPMLZPLZRNEFO-UHFFFAOYSA-N,O=C1C=2C=CC=C3OC4OC(CO)C(O)C(O)(CC5(C=6C=CN=C(C6)NCSSCC7(C(=O)C32)C(O)=CC(=CC17)C)CCCC5)C4O,0.27
KHYLHAZVRRPWSS-UHFFFAOYSA-N,O=C(O)C1=CC=C(C=C1)CN2CCOCC2C3=NC(=CN3)C=4C=CC=CC4,0.283
WNQVBLXOVVELHH-UHFFFAOYSA-N,O=C(N1CCOCC1)CC2OC3C(O)C(OC3C2)CNCC4=CC=CN=C4OC,0.377
XLYHQNKYOSITRA-UHFFFAOYSA-N,O=C(NC1CCCC1)NC2CC(CN3N=NC(=C3)C4CC4)C(O)C2O,0.37
YFLDLCOKQFBFCQ-UHFFFAOYSA-N,O=C(NC1C(C=2SC=CC2)N(C(=O)C3CCCCC3)CCC1(O)C)CC(C)(C)C,0.347
CMQJLBJGHOIYQT-UHFFFAOYSA-N,O=C(OC1=CC=CC=2C=CC(OC12)(C)C)C,0.397
XDOWKOALJBOBBL-UHFFFAOYSA-N,O=C(OCC(C)C)C=CC,0.4
DBXHUXHDTTZOIX-UHFFFAOYSA-N,O=C(C=1C=CC=C(OC)C1)N2CCOCC(OC3=NC=CN=C3)C2,0.46
ZAYPVRUPAFSCOL-UHFFFAOYSA-N,O=C1N(CCOC)C2CN(CC2OC1)C3CCOCC3,0.32
LUBKSPQCBSBRLB-UHFFFAOYSA-N,O=C(N1CCC(N2CCOCC2C3=NC(=CN3)C=4C=CC=CC4)CC1)C,0.367
JOXSNIOKNJTWJG-UHFFFAOYSA-N,O=S(=O)(C=1C=CC(=CC1)C=2N=C(NC2)C3N(CCOC3)CC4CC4)C,0.373
QBABBBBUDQNRJA-UHFFFAOYSA-N,OC1(C=2N=C(SC2)CN3CCN(C4=NC=CC=C4)CC3)CCN(CC1)C(C)C,0.367
HBKLKBUNCSHWKO-UHFFFAOYSA-N,OCC1=CC=C(CC1)C(C)C,0.357
PYURMBDQBMCHGW-UHFFFAOYSA-N,O=S(=O)(NCC1N2CCC(C1)C(CN3CCN(C4=NC=CC=N4)CC3)C2)C5=CC=C(Cl)C=C5,0.405
SQWOWKHPPBSWAC-UHFFFAOYSA-N,O=C(NC1=CC=C(C=C1)C(O)C2NC(=O)COC2)C=3OC=CC3,0.313
XEILKZRZQJNWBC-UHFFFAOYSA-N,O=C(OC1CC2=C(O)C=3C(=O)C=C(OC3C4=C2OC1(C)C5C=6C(=CCC6CC7=CC(=NC=C7C5)N)C=8C(=NC=CC8C4)N)CO)C(=CC)C,0.403
ASTQBFTWOJAJRP-UHFFFAOYSA-N,O=C(NCC1OCC(NC2CCOCC2)C1O)CC(C)(C)C,0.32
GVWBZGUOTHOZLW-UHFFFAOYSA-N,O=C(C=CC=1C=CC(=CC1)C2=CC=C(O)C(=C2)C3C4CC5CC(C4)CC3C5)NC6=CC=C(O)C=C6,0.423
DCRYPYHEEWMVBB-UHFFFAOYSA-N,OC1=CC=C(C=C1OCCC(C=2C=CN=C(N)C2)C3(C=4N=C[CH-]C4)CCCC3)CCC(O)CC(O)C5CCCC(CC)CC5,0.407
VSWVLIKCXNBPRK-UHFFFAOYSA-N,N=1N=C2C=C(N)C=C2OC1,0.307
XUIZGWGMVOCBDR-UHFFFAOYSA-N,O=C(NC1=CC=C(C=C1)C2OCC(=O)N(CC3=CC=C(F)C=C3)C2CO)COC,0.28
LFWPISSXQULDKY-UHFFFAOYSA-N,O=C(NC)C1(N2CCCC2C(=O)N3CCOCC3)COC1,0.34
GIHNOWFSKYCHNL-UHFFFAOYSA-N,O=C(OC(C)(C)C1CC=C(C)CC1)CCCC,0.367
YKWASDOOHUOEBX-UHFFFAOYSA-N,FC=1C=CC(=C(F)C1)C=2N=C(NC2)C3N(CCOC3)C(C)C,0.313
DPDQCRSZHHTPPD-UHFFFAOYSA-N,C=1C=CC2=C(C1)NC3=C2CCN4CC=5C=CC=CC5CC34C,0.377
ZWQSQNCXZBFYLO-UHFFFAOYSA-N,N=1C=CC=2N=C(NC2C1)CC3C(=CC(CNCC(C)C)C(C3)C(C)C)C,0.407
UAVFEMBKDRODDE-UHFFFAOYSA-N,O=C(OC1C=C(C)C2CC(=C(C)C)CC2C(C)C1)C,0.38
DHJJPONWHWUBOE-UHFFFAOYSA-N,O=C1N(C(=O)C2(N3CC(O)CC13)CN(CC=4N=CNC4)C2)CC=5OC(=CC5)C,0.32
GUWNUQBHHWXHBE-UHFFFAOYSA-N,O=C(OCC(O)COP(=O)(O)OCCN)CCC=CCC=CCC=CCC=CCC=CCCCCC,0.36
IPGOIMUBZKYHNY-UHFFFAOYSA-N,O=C1C(=CC=2C=CC=CC2)C(=O)N(C=3C=CC=CC3)N1C=4C=CC=CC4,0.33
NUNJYIYITJAZSA-UHFFFAOYSA-N,O=C1NN=CC=2NC=CC12,0.353
LXIVTEUDYGGWCX-UHFFFAOYSA-N,FC1=CC=CC(=C1)C=2N=C(NC2)C3N(CC=4N=NSC4)CCOC3,0.333
KXXJEDOBYWNPME-UHFFFAOYSA-N,N=1C=C(OC1CC)CCCC,0.333
ALNCVYRJOPUTNX-UHFFFAOYSA-N,FC=1C=CC=CC1C2=NC=CC(=N2)CC3C(NCC4CCCCC4)CC(O)C3CO,0.313
MBPYFIQHWIYYEW-UHFFFAOYSA-N,O=C(OC1OCCN(C)C1)C(C)(C)C,0.303
YDXVMMLDGQRXNS-UHFFFAOYSA-N,O=C(NC1=CC=C(C=C1)C2OCC(=O)NC2CO)NC(C)C,0.257
QYZLKNCISDIAQO-UHFFFAOYSA-N,FC=1C=CC=CC1CNCC2C=C(C)C(CC3=NC=4C(=CC=CC4C)N3)CC2C(C)C,0.38
YYHFVETXXWWXHZ-UHFFFAOYSA-N,O=C(C=1C=CC=CC1)N2CC3N(CCOC3)C4(C2)CN(C(=O)C(C)(C)C)C4,0.323
FUMASRKHZSKXIZ-UHFFFAOYSA-N,O=C1N(C(=O)C2(N3CC(O)CC13)CN(C2)C4CCOCC4)CCCC,0.297
AUNUIXVURWGNJE-UHFFFAOYSA-N,O=C1NC(=O)N(C=C1Cl)CC(NC(=O)C2CCCC2)C(=O)O,0.38
ALWUKGXLBSQSMA-UHFFFAOYSA-N,O=C1OC(C)(CC1)CCCCCC,0.28
IHXBBBMBVRRIGN-UHFFFAOYSA-N,O=C(C=CCCCCC)CCC1=CC=C(O)C(OCCC2=CC=C(O)C(=C2)C3C=4C=C5C(=CC4CCC3C(=O)[C-]6C=NC=C6)C(N)NCC5)=C1,0.441
RJLIIXDJUGFJRI-UHFFFAOYSA-N,O=C1N(C(=O)C2(N3CC(O)CC13)CN(CC=4C=CC=C(OC)C4)C2)CC=5OC(=CC5)C,0.403
HKPNKQGRPGFNSS-UHFFFAOYSA-N,O=C1N(CCOC)C2CN(CC3=CC=C(C=C3)S(=O)(=O)C)CC2OC1,0.397
JOJOTOFFEPJKEF-UHFFFAOYSA-N,O=C(NCC1C=C(C)C(CC2=NC=3C=CC(=CC3N2)C)CC1C(C)C)C4=NC=CN=C4,0.42
LZSPHROJMVCRFO-UHFFFAOYSA-N,N=1C(=CNC1C2N(CCOC2)CC3CC3)C=4C=CC=C(OC)C4,0.393
RHOAKXXWJDUCOP-UHFFFAOYSA-N,O=C1OCC2N1C3=CC(F)=CC=C3CN(C(=O)C4CCCC4)CC2,0.417
WKSXRWSOSLGSTN-UHFFFAOYSA-N,N=1C=CN=C(OC)C1,0.397
HHNLQBYPOOATIP-UHFFFAOYSA-N,O=C(OCCC(C)C)CC(S)C(=O)OCCC(C)C,0.39
LWCXRJUXWFYDGO-UHFFFAOYSA-N,O=C(CC(O)C(CC1=CN=C[CH-]1)CC2=CC=C(O)C(OC)=C2CC=3C=4C=CC=CC4C=CC3CC)C(C=5C=CC=C(O)C5)CC6=CC=C(O)C(OC7CCCCC7)=C6,0.49
PQFIBPDAGFGLBY-UHFFFAOYSA-N,O=C(SC=1C=COC1C)C,0.317
UVUFZFAARHIOOZ-UHFFFAOYSA-N,N1=CC=2N=COC2C(N)=C1,0.417
NDFKJDJVUDUONI-UHFFFAOYSA-N,N=CC=1OC=2NC=NC2C1,0.373
WMDXSDDKEACTIK-UHFFFAOYSA-N,O=S(=O)(C=1C=CC(=CC1)C=2N=C(NC2)C3N(CC4=NC=CN4C)CCOC3)C,0.387
POXNWZSMAXSOAF-UHFFFAOYSA-N,O=C1C=CC=C2N1CC3CN(CC2C3)CC4CN5CCC4CC5CNC(=S)NC=6C=CC=CC6,0.313
OKTVXZSZAOVVET-UHFFFAOYSA-N,O=C1C=CC(C=2C=CC=3C=CC=CC3C2)=C4N1CC5CN(C(=O)CN(C)C)CC4C5,0.44
DORVDWKAIWWCKN-UHFFFAOYSA-N,N=1C(=CNC1C2N(CC3=CNC=4C=CC=CC43)CCOC2)C=5C=CC(=CC5)C,0.387
WKVUDSJSOXZCJX-UHFFFAOYSA-N,OCC1OC(OC2(OC(CO)C(O)C2O)COC3(O)OC(CO)C(O)C3O)C(O)C(O)C1O,0.383
ZFKUTGNRVJOCIO-UHFFFAOYSA-N,O=C1OC(C)CC1CCCCCCC,0.277
XVWPGQLAMRTCSB-UHFFFAOYSA-N,O=C(NC1=CC=C(C=C1)C(O)C2N(C(=O)COC2)CC=3C=CN=CC3)CCC=4C=CC=CC4,0.273
XWGPYSXOXPRHGD-UHFFFAOYSA-N,N1=NC2=COC=CC2=C1N,0.343
KGLSBMHAVQTHDB-UHFFFAOYSA-N,OC1=NC2=NNC=CC2=C1,0.4
KZLANJFHGDCLTM-UHFFFAOYSA-N,O=S(=O)(C1=CC=C(C=C1)CN2CCOCC2C3=NC(=CN3)C(C)(C)C)C,0.413
PDCBYDDYZVINDH-UHFFFAOYSA-N,OCC1C(O)CC(NCC(C)(C)C)C1CC2=NC(=NC=C2)C(C)(C)C,0.353
NVRNWNJCBJNQPW-UHFFFAOYSA-N,O=C(N)CN1C(=O)COC2CN(CC3=CC=C(C=C3)C(F)(F)F)CC12,0.29
GHVJOAZIMYNKQR-UHFFFAOYSA-N,FC=1C=CC=CC1C2=NC=CC(=N2)CC3C(NCCC(C)(C)C)CC(O)C3CO,0.347
GUPPHIOFGROWIM-UHFFFAOYSA-N,O=C(NC1=CC=C(F)C=C1)NCC2OC(CC3=NOC(=C3)COC)CCC2O,0.37
LCKLHWRKIDBJEH-UHFFFAOYSA-N,O=C(O)CC(O)(CNCC)CCCCCCCC1CCN2C(CCC(O)C2C)C1,0.39
BEORGGGIOGYXKA-UHFFFAOYSA-N,O=C(O)C(CCCCCC1C=CC(CCCCC)CC1O)C(O)CCC2(O)CC(CC=3C=CN=C(N)C3)CC2CC4=NC=C([CH-]4)C(C)CC(C)C5CCCC5,0.4
OGJDOLYKRKOBAP-UHFFFAOYSA-N,O=C(OC)C1=CCCC(=CC2OC(=O)C(=C)C2C(OC(=O)CC)C1)C,0.39
PJGKACRZQGZYGB-UHFFFAOYSA-N,O=C1OC(C(OC)=C1C)=C2OC3=CCCN4C(CCCC4C3C2C)C(O)CC5CCCC5,0.323
CGYNNONCMUXGEH-UHFFFAOYSA-N,O=C(OC)C=1OC=C2C1C(=C3CC(C)(C)CC3C2)C,0.391
GJAWRIWNGIFECW-UHFFFAOYSA-N,N(=C)N1N=CC2=COC=C21,0.407
DPOKPVFTFXDGBT-UHFFFAOYSA-N,O=NC=1C=C2C=CNN2C1,0.377
GIXYAHHZMNDVDU-UHFFFAOYSA-N,ON1N=C2C=NC=C2C=C1,0.387
WARIRIKWLUUAPJ-UHFFFAOYSA-N,N1=C(C=2OC(=CC2)C)CCCC1,0.283
JLWZUKUJTSXPGG-UHFFFAOYSA-N,O=C1C=2C=C(C(=C(O)C2C(=O)C=3C(OC4OC(CO)C(O)C(O)C4O)=CC(OC)=CC13)C(NC(=N)NC)CCO)CCC5=CN=C(N)C=C5,0.357
HZXNPMVETIJGJT-UHFFFAOYSA-N,O=C(NCC=1C=CC=CC1)N2CCC(O)(C)C(NC(=O)C3CCCC3)C2C=4SC=CC4,0.303
HCDLRJUFVJOBJP-UHFFFAOYSA-N,O=C(NC(CO)C(O)CCCCCCCCCCCCCCC)CCCCCCCCCCCCCCCCCCCCCCCC,0.31
QFPSOFUBKGPMGP-UHFFFAOYSA-N,O=C(O)C(NC(=O)C=1OC=CC1)CN2C=C(Cl)C(=O)NC2=O,0.407
NRYXRUKFJJJNEL-UHFFFAOYSA-N,O=C1NCCC2(C3=CC(OC)=CC=C3N(C)C12)C,0.34
FJHYVYMTPVSYDO-UHFFFAOYSA-N,N=1C=CC=2OC(=NC2C1)N,0.367
MJMQLZAPRMQZHM-UHFFFAOYSA-N,O=C(O)CCC(=O)NCC1C=C(C)C(CC2=NC=3C=CC=CC3N2)CC1C(C)C,0.39
BKNPTTGLFNCZLJ-UHFFFAOYSA-N,O=C(O)CC1CCN(C(=O)COC=2C=CC=CC2)CC1CCN3CCN(C4=CC=CC(=C4)C(F)(F)F)CC3,0.433
ZEFSZPRKGCBWTK-UHFFFAOYSA-N,O=C(NC=1SC=CC1)NCC2OC3CC(OC3C2O)CC(=O)NCCC,0.35
ZKPALYFBRMVVPF-UHFFFAOYSA-N,O=C1C=2C=CC=C(OC3OC(CO)C(O)C(O)(CCC=4C=CN=C(N)C4)C3O)C2C(=O)C5C(O)=CC(=CC15)C,0.383
WULCZNZHPZCUHR-UHFFFAOYSA-N,O=C1N(C(=O)C2(N3CC(O)CC13)CN(CC4CCCCC4)C2)CCCC,0.303
CDHFZBHTUBVCLC-UHFFFAOYSA-N,O=C(NC1C(O)C(O)CC1C=2C=NC=CC2)C3=CC(=NN3CC)C,0.35
DYMJMYRIBWWKMH-UHFFFAOYSA-N,OC1C=C2CCCCC2(C)C3CCC4(C)C(CCC4C13)C(C)CCC(CC)C(C)C,0.367
YQVNATYIKKJRSZ-UHFFFAOYSA-N,O=C(C=1C(=NOC1C(O)C)C=2C=CC(F)=CC2)N3CCCCC3,0.29
YDCVCLIUSRXMKO-UHFFFAOYSA-N,FC=1C=CC(=CC1)C=2ON=C(C2)CC3(NCCC(C)C)COC3,0.313
WVESGQWYNOCRMB-UHFFFAOYSA-N,N1=COC=C2C(=NC=C12)N,0.41
DQXCKYJJWSDQHX-UHFFFAOYSA-N,O=C(NCC1C=C(C)C(CC2=NC=3C=CN=CC3N2)CC1C(C)C)COC,0.447
ODFFXPNOCMSXHG-UHFFFAOYSA-N,O=CC12CCCC(C(=O)O)(C)C2C(C(=O)O)C34CC(O)(C(=C)C3O)CCC14,0.4
CLGFMDWNSYMFRK-UHFFFAOYSA-N,OC1CC(O)(C(=C=CC(=CC=CC(=CC=CC=C(C=CC=C(C)C2OC3(C(=C2)C(C)(C)CC(C)C3)C)C)C)C)C(C)(C)C1)C,0.437
BWIAPDRNVWQUCZ-UHFFFAOYSA-N,N1=CON2N=C(C=C)C=C12,0.457
LSQQSQMJIVFSQD-UHFFFAOYSA-N,O=C(O)CNC(=O)C=1N=C(C=2C=CC=CC2)N(N1)C3=CC=C(C=C3)C,0.37
LSBNYRLQDWYELB-UHFFFAOYSA-N,O=C1N(CC2=CC=C(OC)C=C2)C3CN(C)CC3OC1,0.307
VTQNUZCDPAOAKQ-UHFFFAOYSA-N,N=1C=CC=C(C1)CNCC2C=C(C)C(CC3=NC=4C=CC=C(C4N3)C)CC2C(C)C,0.427
UIXDOPVEEYGUAK-UHFFFAOYSA-N,O=C1OC(C(OC)=C1C)=C2OC3=CC4(CCCCC4)C5N6C(CCC(CC5)C6C(O)C7C=CCC(C)C7)C3C2C,0.35
XOQNXVJRHIRCSR-UHFFFAOYSA-N,O=C(OCC(OC(=O)CCCCCCCC=CCCCC)COP(=O)(O)OCC(N)C(=O)O)CCCCCCCC=CCC=CCCCCC,0.35
KKDQRBXFNLSYRR-UHFFFAOYSA-N,O=C1OC(C(OC)=C1CO)=C2OC3=CCCN4C(CC(CC=5C=CC=C(C5)CCCCC)CC4C3C2CO)C(O)C6C=CCC(C6)C7CCCC7,0.313
DHGOBKTYMPOFTL-UHFFFAOYSA-N,O=CC(CCCCCC1CC=CC(CO)C(C(=O)O)C2(C=3C=CC=C(C3)CC1C4=CC=C(O)C=C4)CCC5C=C6C=CC=CC6=CC5C2)C7C=C(CCN)CC7,0.387
JDSIJRBVXPRIHJ-UHFFFAOYSA-N,O=C(OCC)CNC(=O)C1=CC(Cl)=CC=C1Cl,0.413
VVDHZWOLAGOGGA-UHFFFAOYSA-N,O=C(OCC1C2=CC=C3C=4C(OC)=CC(O)=CC4CC56C3=C2OC1C7=CC(OC(CNC)CNC)=C(O)C=C7CC#CC=8N=C(N)C=CC8CC(CC5)C6)C,0.357
MJKYTIALISUBJQ-UHFFFAOYSA-N,O=C(NCC1OCC(NC2CCN(C(=O)C)CC2)C1O)C=3C=CC=CC3,0.347
AKLGRUHLLZISOF-UHFFFAOYSA-N,N#CC1=CC=CC(=C1)C2=NC(=NC=C2)NC3COC4C(OC(=O)NC5=CC=CC=6C=CC=CC65)COC43,0.43
YFBHLPFAPZXZQF-UHFFFAOYSA-N,N=1OC(N)=C2C=CC=NC12,0.39
RUCZSBOHCDYPAG-UHFFFAOYSA-N,O=C1C=C(OC2=C1C(OC)=C(C=3C=C4C(=C(OC)C23)C(=O)CC4)C)C,0.388
ZVGJRKGOQRQRSA-UHFFFAOYSA-N,O=C(O)C1=CC=C(C=C1)CN2CC3OCC(=O)N(CCOC)C3C2,0.33
VBSMBNMUYITMLB-UHFFFAOYSA-N,O=S(=O)(O)OC1=CC(=CC=C1O)C2OC=3C=C(O)C=C(O)C3CC2O,0.463
QWVLNBCJTVBLNU-UHFFFAOYSA-N,O=C(NC1COC(CNS(=O)(=O)C)C1O)C=2C=CC=CC2,0.287
PVTXHRSHXQIARK-UHFFFAOYSA-N,O=C(OC(=C)C1=CC=CC(=C1)C=2C=CC=CC2)N(C=3C=CC=CC3)C,0.313
GIUUBEQRWCJIJW-UHFFFAOYSA-N,OC1=CC=C(C=C1OCCC(C=2C=CN=C(N)C2)CC=3N=C[CH-]C3)CCC(O)CC(O)C4CCCC(CCO)CC4,0.393
WBDCXFILSJUZGI-UHFFFAOYSA-N,O=C(NC1=CC=C(C=C1)C2OCC(=O)N(CC(=O)N(C)C)C2CO)CC(C)C,0.273
RJLDWXDBZIDMEF-UHFFFAOYSA-N,O=C(O)C1C2C3(C(=O)OCC2(CCC3)C4CC(O)C5(O)C(=C)CC14C5)C,0.293
GXXFZZLGPFNITM-UHFFFAOYSA-N,O=C(OCCC)CC=1C=CC=CC1,0.327
LLBHVYACERYJDF-UHFFFAOYSA-N,O=C(N1CCC(NC2(COC2)CC3=NOC(=C3)CCO)CC1)C,0.403
CVYBRMSQMLJGOI-UHFFFAOYSA-N,O=C(OCC=CC=CC)C(C)C,0.403
QLQXRKCFFWVVQI-UHFFFAOYSA-N,N#CC1=CC=CC(=C1)CNC2COC(CNC(=O)C3=CC=C(F)C=C3)C2O,0.373
LXRHXPMDQMXYIJ-UHFFFAOYSA-N,O=C(O)C(O)NC(=O)C(NC(=O)CCC(O)(N)C(=O)O)CSC1C=2OC(=O)C3C=C(CC=4C=CN=CC4)C5(CCCC5)C(C23)CCCCCC61CCCC6,0.37
ABBHFUUTMDHUEN-UHFFFAOYSA-N,O=C(O)C=1C=CC=CC1C(=O)N2CC3=CC=C(F)C=C3N4C(=O)OCC4CC2,0.36
BEOQITRUWSBWHT-UHFFFAOYSA-N,O=C(OCC1N2CCC(C1)C(C=3N=C(N=C(C3)C(CC)CC)C=4C=CN=CC4)C2)NC5=CC=C(C=C5)C(C)(C)C,0.353
FZRWCYQTDJULAT-UHFFFAOYSA-N,O=C(NCC1OCC(NC2CCOCC2)C1O)NC(C)C,0.31
IVTWTDZRLUQZLF-UHFFFAOYSA-N,O=C(NC1=CC=C(C=C1)C2OCC(=O)N(CC3=CC=C(F)C=C3)C2CO)C4CCCC4,0.297
GRDXKHQITZTGEA-UHFFFAOYSA-N,O=C(OC1COC2C1OCC2NC3=NC=CC(=N3)C=4C=CC(=CC4)N(C)C)NC5=CC=CC(=C5)C(=O)C,0.283
HWQUSJSHPUJEIP-UHFFFAOYSA-N,O=C(NC(C)C)CC1OC2C(OC(CNC3CCC(F)(F)CC3)C2O)C1,0.38
KXUFMRARRPDPQX-UHFFFAOYSA-N,O=C(NC(C)C)N1CCN2C(=O)N(CC3=NC=CC=C3)CC2C1,0.363
GGLIEWRLXDLBBF-UHFFFAOYSA-N,O=C(N)NC1=CC=C(OCC)C=C1,0.267
MFQABLFJUQNPAC-UHFFFAOYSA-N,O=C(C1=NCCS1)CC,0.357
ZNBWOTPWJPXXPX-UHFFFAOYSA-N,O=C(OC1CC2=C(O)C=3C(=O)C=C(OC3C4=C2OC1(C)C5C=6C(=CC(C6CC7=CC(=NC=C7C5)N)CCOC)C=8C(=NC=CC8C4)N)CO)C(=CC)C,0.397
VIRKCVKWVRFTSI-UHFFFAOYSA-N,O=C1C(=C(O)N(C=2C=CC=CC2)N1C=3C=CC=CC3)C(O)C=4C=NC=CC4,0.39
QVGXRFCFGYCBLY-UHFFFAOYSA-N,O=C(O)CCC(=O)NCC1C=C(C)C(CC2=NC=3C=CC(Cl)=CC3N2)CC1C(C)C,0.41
XUJCYRCWBNRRQI-UHFFFAOYSA-N,OC=1C=C2C3=C(C1)CCCC3CCC2,0.364
AKRJIIVORCSJLA-UHFFFAOYSA-N,O=C(OC(C(=CCOC1=CC=C(C=C1)CCNC(=O)C=2C=CC=CC2)C)CC=C(C)C)CCCCCCCCCCCCCCCCC,0.443
CLMHBGITOYJCRL-UHFFFAOYSA-N,O=C(OC1=C(N=C2C=CC(=C[C-]21)CCC(C)C)CO)C3OC(O)(CO)C(O)C3OCCCO,0.373
VWSDNJWVFULEQE-UHFFFAOYSA-N,O=C(NC1CC(COC2=CC=C(C=C2)S(=O)(=O)C)C(O)C1O)C3=NN(C(=C3)C)C,0.417
GCRYPGGHWGKWKX-UHFFFAOYSA-N,O=C(NCC=1C=CC=CC1)N2CCC(O)(C=3N=C(SC3)CN4CCC(O)C4)CC2,0.397
IGNZWCNGLMTYJZ-UHFFFAOYSA-N,O=C1CC(=O)C2C(C#CC(C=3C=CC=CC3)C4=CC(O)=C(OC)C=C4CC1)CC(CC=5C=CN=C(N)C5)CC(CCCC)C2CCCCC,0.42
LDUOXRVGZHFFKW-UHFFFAOYSA-N,N1=NN(C=C1CN(C)CC=2C=CC=CC2)C3COC4C3OCC4NCC5=CC=C(C=C5)N(C)C,0.31
MEGYAWWYAYFVBX-UHFFFAOYSA-N,OC1CC(C2=CC=C(C=C2)C)C(N3CCCCC3)C1O,0.27
GNSXTTGSZRYXGL-UHFFFAOYSA-N,O=C1C2=C(OC(=C1CCO)C(O)CCN=C(N)N)C=C3OC(CC3=C2OC4CCCC4)C(O)(C)C,0.357
XMXSOSPFFYSUEX-UHFFFAOYSA-N,O=C(OC1CCC2=CC(=C(O)C=3OC4CCCC4CCC32)CN5C(=O)CC(CC=6C=CN=C(N)C6)(C5)CCN=C(N)NCSSCCCCCCC(O)C1)C,0.437
CHCJHFDLEMOTCM-UHFFFAOYSA-N,OCC=1OC(=CC1)CNC2CC(CC3=NOC(=C3)COC)C2(C)C,0.433
SPJCLQQKKGCDQB-UHFFFAOYSA-N,O=C(C=1OC=CC1)N2CC3OCC(=O)N(CC=4C=CC=CC4)C3C2,0.343
AAVUVUNFVGOAJO-UHFFFAOYSA-N,O=C(NC1=CC=C(C=C1)C(O)C2N(C(=O)COC2)CC)C3CC3,0.283
SNOBYLKVQZUQSL-UHFFFAOYSA-N,O=S(CC=C)C(SSCC=C)CC,0.37
IITVZLJJWPWDMB-UHFFFAOYSA-N,OC1=CC=C(C=C1OC)CCC2OC(C3=CC(OC)=C(O)C(OCC4NC(C)CCC4CC=5C=CN=C(N)C5)=C3)CC(O)C2,0.503
JAXXZEZANJBBNX-UHFFFAOYSA-N,O=C(CC(O)C(CC1=CC=C(O)C(OC)=C1)CC2=CN=C[CH-]2)C(CC3=CC=C(O)C(OC)=C3)CC4=CC=C5C=CC=C(C5=C4)CNCCC,0.58
OVMXRKCLUWORMI-UHFFFAOYSA-N,FC(F)(F)OC1=CC=C(C=C1)CNC2(COC2)CC3=NOC(=C3)CN(C)C,0.4
IBDFZRSTGPAVHK-UHFFFAOYSA-N,O=C1N(C(=O)C2(N3CC(O)CC13)CN(C2)CC(C)(C)C)CCCC,0.283
YSPBAEVAURFGFM-UHFFFAOYSA-N,O=C(CC(O)C(CC1=CN=C[CH-]1)C2C=CC(C3=C(OC)C(O)=CC=C32)C=4C=5C=CC=CC5C=CC4CC)C(CC=6C=N[CH+]C6)CC7=CC=C(O)C(OC)=C7,0.593
HVOYHMXFQKNZFW-UHFFFAOYSA-N,O=C(NC=1C=CC=C(Cl)C1)NCC2OC3CC(OC3C2O)CC(=O)NCC4=CC=C(F)C=C4,0.36
