Canonical_SMILES,InChIKey,smiles,molecular_weight,validate_smiles,Standardized_SMILES,Data
CCc1c(O)nc2cc(C)cc(C)c2c1O,BMDLYMLRGRZGPA-UHFFFAOYSA-N,OC1=NC2=CC(=CC(=C2C(O)=C1CC)C)C,217.2641910278056,True,CCc1c(O)c2c(C)cc(C)cc2[nH]c1=O,Coconut
CC(CCc1ccnc(N)c1)=C(CO)CC12OC1(C(=O)OCC(O)C1(Cc3ccccc3)CCCC1)C(=O)c1ccccc1C2=O,AJWJUABFMWJDOS-UHFFFAOYSA-N,O=C(OCC(O)C1(CC=2C=CC=CC2)CCCC1)C34OC4(C(=O)C=5C=CC=CC5C3=O)CC(=C(C)CCC=6C=CN=C(N)C6)CO,624.7240992412451,True,CC(CCc1ccnc(N)c1)=C(CO)CC12OC1(C(=O)OCC(O)C1(Cc3ccccc3)CCCC1)C(=O)c1ccccc1C2=O,Coconut
CC(=O)c1cc(C)sc1C,PUSJAEJRDNPYKM-UHFFFAOYSA-N,O=C(C=1C=C(SC1C)C)C,154.2307846331693,True,CC(=O)c1cc(C)sc1C,Coconut
CCCCCCCC(O)CCCCCCC(C(=O)O)C(O)CCC1(O)CCCC1Cc1[cH-]cc(CCc2ccccc2)n1,XVOAXVQQYLZLDG-UHFFFAOYSA-N,O=C(O)C(CCCCCCC(O)CCCCCCC)C(O)CCC1(O)CCCC1CC2=NC(=C[CH-]2)CCC=3C=CC=CC3,596.8615197479346,True,CCCCCCCC(O)CCCCCCC(C(=O)O)C(O)CCC1(O)CCCC1CC1=NC(CCc2ccccc2)=CC1,Coconut
CS(=O)(=O)c1ccc(CNC2C3COC(O3)C(n3cc(Cl)cn3)C2O)cc1,JTJMCXKXRVUHDL-UHFFFAOYSA-N,O=S(=O)(C1=CC=C(C=C1)CNC2C(O)C(N3N=CC(Cl)=C3)C4OCC2O4)C,413.8774821520887,True,CS(=O)(=O)c1ccc(CNC2C3COC(O3)C(n3cc(Cl)cn3)C2O)cc1,Coconut
CC(C)NC(=O)NCC1OCC(NC2CCNCC2)C1O,QYDZLDCLDUNLER-UHFFFAOYSA-N,O=C(NCC1OCC(NC2CCNCC2)C1O)NC(C)C,300.39767127300627,True,CC(C)NC(=O)NCC1OCC(NC2CCNCC2)C1O,Coconut
COCCN1C(=O)COC2CN(S(C)(=O)=O)CC21,GNASGDWBVKQWFA-UHFFFAOYSA-N,O=C1N(CCOC)C2CN(CC2OC1)S(=O)(=O)C,278.32680858170124,True,COCCN1C(=O)COC2CN(S(C)(=O)=O)CC21,Coconut
OC(CSc1nc(O)c2ccccc2n1)=Nc1ccc2c(c1)OCO2,AAGYRUQWSQMMAM-UHFFFAOYSA-N,OC1=NC(=NC=2C=CC=CC12)SCC(O)=NC3=CC=C4OCOC4=C3,355.36955436955486,True,O=C(CSc1nc2ccccc2c(=O)[nH]1)Nc1ccc2c(c1)OCO2,Coconut
Cc1cnn(C2C3OCC(O3)C(NCc3ccc(Cl)c(Cl)c3)C2O)c1,WLFCRFPUULHAJH-UHFFFAOYSA-N,ClC1=CC=C(C=C1Cl)CNC2C(O)C(N3N=CC(=C3)C)C4OCC2O4,384.2575841282701,True,Cc1cnn(C2C3OCC(O3)C(NCc3ccc(Cl)c(Cl)c3)C2O)c1,Coconut
C=C1CC23CC1C(O)CC2C12OC(=O)C(C)(C(O)CC1O)C2C3C(=O)O,QNHFLCWFHADENI-UHFFFAOYSA-N,O=C(O)C1C2C3(OC(=O)C2(C)C(O)CC3O)C4CC(O)C5C(=C)CC14C5,364.3903946237767,True,C=C1CC23CC1C(O)CC2C12OC(=O)C(C)(C(O)CC1O)C2C3C(=O)O,Coconut
Cc1coc(C)n1,PSOZJOZKEVZLKZ-UHFFFAOYSA-N,N1=C(OC=C1C)C,97.11537289532596,True,Cc1coc(C)n1,Coconut
CCNC1C=CC(CC)CC1COC(=O)C12OC1(CC=C(C)CC(NC(=N)NC)c1ccnc(NCNC)c1)C(=O)c1ccccc1C2=O,KILJBYNTDPGFBA-UHFFFAOYSA-N,O=C(OCC1CC(C=CC1NCC)CC)C23OC3(C(=O)C=4C=CC=CC4C2=O)CC=C(C)CC(NC(=N)NC)C=5C=CN=C(C5)NCNC,671.8302722057186,True,CCNC1C=CC(CC)CC1COC(=O)C12OC1(CC=C(C)CC(NC(=N)NC)c1ccnc(NCNC)c1)C(=O)c1ccccc1C2=O,Coconut
CC(=O)N1CC2COCCN2C2(CN(Cc3ccccc3F)C2)C1,KMNXIHPAOXZMGP-UHFFFAOYSA-N,O=C(N1CC2N(CCOC2)C3(C1)CN(CC=4C=CC=CC4F)C3)C,333.4011469302497,True,CC(=O)N1CC2COCCN2C2(CN(Cc3ccccc3F)C2)C1,Coconut
C=Cn1ncc2ocnc21,OPUBKHRUNTZLSI-UHFFFAOYSA-N,N1=COC=2C=NN(C=C)C12,135.12363369853435,True,C=Cn1ncc2ocnc21,Coconut
Cn1cc(CNC(=O)CC2CC3OC(CNC(=O)NC4CCCCC4)C(O)C3O2)cn1,FOKGANITWCEVNI-UHFFFAOYSA-N,O=C(NCC1OC2CC(OC2C1O)CC(=O)NCC=3C=NN(C3)C)NC4CCCCC4,435.5180393818261,True,Cn1cc(CNC(=O)CC2CC3OC(CNC(=O)NC4CCCCC4)C(O)C3O2)cn1,Coconut
Oc1cnc2cnccn12,HGMWFNWKPRKEHM-UHFFFAOYSA-N,OC1=CN=C2C=NC=CN12,135.12363369853438,True,Oc1cnc2cnccn12,Coconut
CCCCCCCC(O)CCCCCCC(C(=O)O)C(O)CCC1(O)CCCC1Cc1[cH-]c(-c2ccccc2)cn1,OTOOKOQDBDGCBJ-UHFFFAOYSA-N,O=C(O)C(CCCCCCC(O)CCCCCCC)C(O)CCC1(O)CCCC1CC2=NC=C([CH-]2)C=3C=CC=CC3,568.8082849390555,True,CCCCCCCC(O)CCCCCCC(C(=O)O)C(O)CCC1(O)CCCC1CC1=NC=C(c2ccccc2)C1,Coconut
CCNC1CC2C=CCCC2CC1C(CCCO)OC(=O)C12OC1(CC(CO)=C(C)CCc1ccnc(NCNC)c1)C(=O)c1ccccc1C2=O,NIWLAFNUDPQSNU-UHFFFAOYSA-N,O=C(OC(CCCO)C1CC2CCC=CC2CC1NCC)C34OC4(C(=O)C=5C=CC=CC5C3=O)CC(=C(C)CCC=6C=CN=C(C6)NCNC)CO,714.8916197960302,True,CCNC1CC2C=CCCC2CC1C(CCCO)OC(=O)C12OC1(CC(CO)=C(C)CCc1ccnc(NCNC)c1)C(=O)c1ccccc1C2=O,Coconut
Cn1ccnc1CNC(=O)CC1CC2OC(CNC3CCNCC3)C(O)C2O1,HSCLOKRTYZRMLU-UHFFFAOYSA-N,O=C(NCC1=NC=CN1C)CC2OC3C(O)C(OC3C2)CNC4CCNCC4,393.481281153029,True,Cn1ccnc1CNC(=O)CC1CC2OC(CNC3CCNCC3)C(O)C2O1,Coconut
C=C1C(=O)OC2C(O)C(C)=CC(OC(C)(C)C(=C)C)CC(C)CC(OC(=O)C(C)=CC)C12,AMHPTXTUWCEFQO-UHFFFAOYSA-N,O=C(OC1CC(C)CC(OC(C(=C)C)(C)C)C=C(C)C(O)C2OC(=O)C(=C)C12)C(=CC)C,446.5773115272843,True,C=C1C(=O)OC2C(O)C(C)=CC(OC(C)(C)C(=C)C)CC(C)CC(OC(=O)C(C)=CC)C12,Coconut
CNC(=O)C(C)(C)N1CCCC1C(=O)NC1CCCCC1,XUXLSGHXGOCVMT-UHFFFAOYSA-N,O=C(NC1CCCCC1)C2N(CCC2)C(C(=O)NC)(C)C,295.4209756858027,True,CNC(=O)C(C)(C)N1CCCC1C(=O)NC1CCCCC1,Coconut
N=Nc1cc2c[nH]cc2o1,HSHFLTDGOBKNFV-UHFFFAOYSA-N,N=NC=1OC2=CNC=C2C1,135.12363369853438,True,N=Nc1cc2c[nH]cc2o1,Coconut
COC(=O)C(OC)C(Oc1ccccc1)c1ccccc1,NPTMPKBEAUYEAM-UHFFFAOYSA-N,O=C(OC)C(OC)C(OC=1C=CC=CC1)C=2C=CC=CC2,286.32306352453776,True,COC(=O)C(OC)C(Oc1ccccc1)c1ccccc1,Coconut
O=Nc1cc2c[nH][nH]c-2c1,KHVRPSQMJWWCQA-UHFFFAOYSA-N,O=NC1=CC2=CNNC2=C1,135.12363369853435,True,O=Nc1cc2c[nH][nH]c-2c1,Coconut
CCS(=O)Cc1ccccc1OC(=O)NC,OMOLDRXZKFFGJI-UHFFFAOYSA-N,O=C(OC=1C=CC=CC1CS(=O)CC)NC,241.30820915483704,True,CC[S+]([O-])Cc1ccccc1OC(=O)NC,Coconut
C=Nc1occ2[nH]cnc12,QROQIFMMQMKJBR-UHFFFAOYSA-N,N(=C)C=1OC=C2NC=NC12,135.12363369853435,True,C=Nc1occ2[nH]cnc12,Coconut
CC1CCCCC1=O,LFSAPCRASZRSKS-UHFFFAOYSA-N,O=C1CCCCC1C,112.1698452509949,True,CC1CCCCC1=O,Coconut
CC(=O)OCC(C=CC1C(C)(C)CC(O)CC1(C)O)=CC=CC(C)=CC=CC=C(C)C=CC=C(C)C(=O)CC1(O)C(C)=CC(=O)CC1(C)C,XYGIFHYPLRCNTG-UHFFFAOYSA-N,O=C(OCC(=CC=CC(=CC=CC=C(C=CC=C(C(=O)CC1(O)C(=CC(=O)CC1(C)C)C)C)C)C)C=CC2C(O)(C)CC(O)CC2(C)C)C,674.9073058799773,True,CC(=O)OCC(C=CC1C(C)(C)CC(O)CC1(C)O)=CC=CC(C)=CC=CC=C(C)C=CC=C(C)C(=O)CC1(O)C(C)=CC(=O)CC1(C)C,Coconut
CC(C)(C)c1c[nH]c(C2COCCN2)n1,YLXKLHICWIQKRB-UHFFFAOYSA-N,N=1C(=CNC1C2NCCOC2)C(C)(C)C,209.28848373603535,True,CC(C)(C)c1c[nH]c(C2COCCN2)n1,Coconut
COc1cc(C2C3C(=O)OCC4(OC5OC(CO)C(O)C(O)C5O)OC(CO)C(OC(=O)C3C2c2ccc(O)c(OC)c2)C4O)ccc1O,TVWBWDIJOLFFCK-UHFFFAOYSA-N,O=C1OCC2(OC3OC(CO)C(O)C(O)C3O)OC(CO)C(OC(=O)C4C1C(C5=CC=C(O)C(OC)=C5)C4C6=CC=C(O)C(OC)=C6)C2O,694.6351811112755,True,COc1cc(C2C3C(=O)OCC4(OC5OC(CO)C(O)C(O)C5O)OC(CO)C(OC(=O)C3C2c2ccc(O)c(OC)c2)C4O)ccc1O,Coconut
COCc1cc(CC2(NC3CCN(C(C)=O)CC3)COC2)no1,DWOJDUZRPDSXQJ-UHFFFAOYSA-N,O=C(N1CCC(NC2(COC2)CC3=NOC(=C3)COC)CC1)C,323.3880225256383,True,COCc1cc(CC2(NC3CCN(C(C)=O)CC3)COC2)no1,Coconut
OCC1C(O)CC(NC2CCC2)C1Cc1ccnc(COc2ccccc2)n1,WDOQPBBIVMYLNX-UHFFFAOYSA-N,OCC1C(O)CC(NC2CCC2)C1CC3=NC(=NC=C3)COC=4C=CC=CC4,383.4847959941,True,OCC1C(O)CC(NC2CCC2)C1Cc1ccnc(COc2ccccc2)n1,Coconut
CCOC1CCCN(Cc2ccccc2)CO1,GFCYDNAFMHZTGV-UHFFFAOYSA-N,O1CN(CC=2C=CC=CC2)CCCC1OCC,235.3225714475484,True,CCOC1CCCN(Cc2ccccc2)CO1,Coconut
C=C1C(=O)OC2CC(C)C3(O)CC(O)C(C)(CC(O)C12)O3,WTSQKNIQGKBOMC-UHFFFAOYSA-N,O=C1OC2CC(C)C3(O)OC(C)(CC(O)C2C1=C)C(O)C3,298.33216460140375,True,C=C1C(=O)OC2CC(C)C3(O)CC(O)C(C)(CC(O)C12)O3,Coconut
OCC(O)CNCC1OC(Cc2cc(-c3ccc(F)cc3)on2)CCC1O,FPWXBMGMPKHOIB-UHFFFAOYSA-N,FC=1C=CC(=CC1)C=2ON=C(C2)CC3OC(CNCC(O)CO)C(O)CC3,380.4113351565357,True,OCC(O)CNCC1OC(Cc2cc(-c3ccc(F)cc3)on2)CCC1O,Coconut
CCC1CN(C(=O)NC2CCCCC2)CCC1CC(=O)O,ZLXLDLCVFQOLHH-UHFFFAOYSA-N,O=C(O)CC1CCN(C(=O)NC2CCCCC2)CC1CC,296.40573665251026,True,CCC1CN(C(=O)NC2CCCCC2)CCC1CC(=O)O,Coconut
CC1=CC(CNC(=O)c2ccnc(Cl)c2)C(C(C)C)CC1Cc1nc2ccc(F)cc2[nH]1,WTKNNMLCNSHDPK-UHFFFAOYSA-N,O=C(NCC1C=C(C)C(CC2=NC=3C=CC(F)=CC3N2)CC1C(C)C)C=4C=CN=C(Cl)C4,454.9682970807195,True,CC1=CC(CNC(=O)c2ccnc(Cl)c2)C(C(C)C)CC1Cc1nc2ccc(F)cc2[nH]1,Coconut
O=C(O)C(O)C(=O)OCC1OC(Oc2ccc3c(=O)c(-c4ccc(O)cc4)coc3c2)C(O)C(O)(CO)C1O,KFELGUUDPHCZMY-UHFFFAOYSA-N,O=C(O)C(O)C(=O)OCC1OC(OC2=CC=C3C(=O)C(=COC3=C2)C=4C=CC(O)=CC4)C(O)C(O)(CO)C1O,548.4506444974903,True,O=C(O)C(O)C(=O)OCC1OC(Oc2ccc3c(=O)c(-c4ccc(O)cc4)coc3c2)C(O)C(O)(CO)C1O,Coconut
N=c1oncc2[nH]ccc12,CTXGUHSUQFKNCC-UHFFFAOYSA-N,N=C1ON=CC=2NC=CC12,135.12363369853435,True,Nc1oncc2nccc1-2,Coconut
OCc1cc(CC2(NCc3ccc(C(F)(F)F)cc3)COC2)no1,RQGLMLQGXGOUCW-UHFFFAOYSA-N,FC(F)(F)C1=CC=C(C=C1)CNC2(COC2)CC3=NOC(=C3)CO,342.3135980204265,True,OCc1cc(CC2(NCc3ccc(C(F)(F)F)cc3)COC2)no1,Coconut
OC1C(NC2Cc3ccccc3C2)C2COC(O2)C1n1ccnc1,FMXLUDZZLGVUGM-UHFFFAOYSA-N,OC1C(NC2CC=3C=CC=CC3C2)C4OC(OC4)C1N5C=NC=C5,327.37832637634176,True,OC1C(NC2Cc3ccccc3C2)C2COC(O2)C1n1ccnc1,Coconut
Fc1ccc(-c2c[nH]c(C3COCCN3CC3CC3)n2)c(F)c1,BSLBWHORGOTWNT-UHFFFAOYSA-N,FC=1C=CC(=C(F)C1)C=2N=C(NC2)C3N(CCOC3)CC4CC4,319.3497055567633,True,Fc1ccc(-c2c[nH]c(C3COCCN3CC3CC3)n2)c(F)c1,Coconut
CC1=CC(CNC(=O)Nc2ccc(F)cc2)C(C(C)C)CC1Cc1nc2c(C)cccc2[nH]1,XJSGQWSKNUFDPM-UHFFFAOYSA-N,O=C(NC1=CC=C(F)C=C1)NCC2C=C(C)C(CC3=NC=4C(=CC=CC4C)N3)CC2C(C)C,448.5765350652404,True,CC1=CC(CNC(=O)Nc2ccc(F)cc2)C(C(C)C)CC1Cc1nc2c(C)cccc2[nH]1,Coconut
C=C(CCC(C)C1CCC2(C)C3CCC4C(C)(C=O)C(O)CCC45CC35CCC12C)C(C)C,FAQRUJCAUFLERP-UHFFFAOYSA-N,O=CC1(C)C(O)CCC23CC43CCC5(C)C(CCC5(C)C4CCC12)C(C)CCC(=C)C(C)C,454.72866034685615,True,C=C(CCC(C)C1CCC2(C)C3CCC4C(C)(C=O)C(O)CCC45CC35CCC12C)C(C)C,Coconut
COc1cccc(NC(=O)NCC2OC(Cc3cc(CN4CCNCC4)on3)CCC2O)c1,XFPRMKPNRDLKOU-UHFFFAOYSA-N,O=C(NC=1C=CC=C(OC)C1)NCC2OC(CC3=NOC(=C3)CN4CCNCC4)CCC2O,459.539511175402,True,COc1cccc(NC(=O)NCC2OC(Cc3cc(CN4CCNCC4)on3)CCC2O)c1,Coconut
Cn1ccnc1CN1C(=O)COC2CN(S(C)(=O)=O)CC21,UNCPQZPIWCCBQG-UHFFFAOYSA-N,O=C1N(CC2=NC=CN2C)C3CN(CC3OC1)S(=O)(=O)C,314.36228186177976,True,Cn1ccnc1CN1C(=O)COC2CN(S(C)(=O)=O)CC21,Coconut
COc1ccc(-c2cc(CC3(NCc4ccccc4OC)COC3)no2)cc1,CFTIXIAHFQVNOE-UHFFFAOYSA-N,N=1OC(=CC1CC2(NCC=3C=CC=CC3OC)COC2)C=4C=CC(OC)=CC4,380.4377939455045,True,COc1ccc(-c2cc(CC3(NCc4ccccc4OC)COC3)no2)cc1,Coconut
CC1=CC2C(=O)c3cccc4c3C(=O)C2(CSSCNc2cc(ccn2)C2(CCCC2)CC2(O)C(O)C(CO)OC(O4)C2O)C(O)=C1,ZNPMLZPLZRNEFO-UHFFFAOYSA-N,O=C1C=2C=CC=C3OC4OC(CO)C(O)C(O)(CC5(C=6C=CN=C(C6)NCSSCC7(C(=O)C32)C(O)=CC(=CC17)C)CCCC5)C4O,682.8069898844444,True,CC1=CC2C(=O)c3cccc4c3C(=O)C2(CSSCNc2cc(ccn2)C2(CCCC2)CC2(O)C(O)C(CO)OC(O4)C2O)C(=O)C1,Coconut
O=C(O)c1ccc(CN2CCOCC2c2nc(-c3ccccc3)c[nH]2)cc1,KHYLHAZVRRPWSS-UHFFFAOYSA-N,O=C(O)C1=CC=C(C=C1)CN2CCOCC2C3=NC(=CN3)C=4C=CC=CC4,363.41053406670574,True,O=C(O)c1ccc(CN2CCOCC2c2nc(-c3ccccc3)c[nH]2)cc1,Coconut
COc1ncccc1CNCC1OC2CC(CC(=O)N3CCOCC3)OC2C1O,WNQVBLXOVVELHH-UHFFFAOYSA-N,O=C(N1CCOCC1)CC2OC3C(O)C(OC3C2)CNCC4=CC=CN=C4OC,407.4615389832323,True,COc1ncccc1CNCC1OC2CC(CC(=O)N3CCOCC3)OC2C1O,Coconut
O=C(NC1CCCC1)NC1CC(Cn2cc(C3CC3)nn2)C(O)C1O,XLYHQNKYOSITRA-UHFFFAOYSA-N,O=C(NC1CCCC1)NC2CC(CN3N=NC(=C3)C4CC4)C(O)C2O,349.4286414165805,True,O=C(NC1CCCC1)NC1CC(Cn2cc(C3CC3)nn2)C(O)C1O,Coconut
CC(C)(C)CC(=O)NC1C(c2cccs2)N(C(=O)C2CCCCC2)CCC1(C)O,YFLDLCOKQFBFCQ-UHFFFAOYSA-N,O=C(NC1C(C=2SC=CC2)N(C(=O)C3CCCCC3)CCC1(O)C)CC(C)(C)C,420.6104989536705,True,CC(C)(C)CC(=O)NC1C(c2cccs2)N(C(=O)C2CCCCC2)CCC1(C)O,Coconut
CC(=O)Oc1cccc2c1OC(C)(C)C=C2,CMQJLBJGHOIYQT-UHFFFAOYSA-N,O=C(OC1=CC=CC=2C=CC(OC12)(C)C)C,218.24895199451325,True,CC(=O)Oc1cccc2c1OC(C)(C)C=C2,Coconut
CC=CC(=O)OCC(C)C,XDOWKOALJBOBBL-UHFFFAOYSA-N,O=C(OCC(C)C)C=CC,142.1958675830039,True,CC=CC(=O)OCC(C)C,Coconut
COc1cccc(C(=O)N2CCOCC(Oc3cnccn3)C2)c1,DBXHUXHDTTZOIX-UHFFFAOYSA-N,O=C(C=1C=CC=C(OC)C1)N2CCOCC(OC3=NC=CN=C3)C2,329.3511138994716,True,COc1cccc(C(=O)N2CCOCC(Oc3cnccn3)C2)c1,Coconut
COCCN1C(=O)COC2CN(C3CCOCC3)CC21,ZAYPVRUPAFSCOL-UHFFFAOYSA-N,O=C1N(CCOC)C2CN(CC2OC1)C3CCOCC3,284.35190677120056,True,COCCN1C(=O)COC2CN(C3CCOCC3)CC21,Coconut
CC(=O)N1CCC(N2CCOCC2c2nc(-c3ccccc3)c[nH]2)CC1,LUBKSPQCBSBRLB-UHFFFAOYSA-N,O=C(N1CCC(N2CCOCC2C3=NC(=CN3)C=4C=CC=CC4)CC1)C,354.4468002185132,True,CC(=O)N1CCC(N2CCOCC2c2nc(-c3ccccc3)c[nH]2)CC1,Coconut
CS(=O)(=O)c1ccc(-c2c[nH]c(C3COCCN3CC3CC3)n2)cc1,JOXSNIOKNJTWJG-UHFFFAOYSA-N,O=S(=O)(C=1C=CC(=CC1)C=2N=C(NC2)C3N(CCOC3)CC4CC4)C,361.4602928770313,True,CS(=O)(=O)c1ccc(-c2c[nH]c(C3COCCN3CC3CC3)n2)cc1,Coconut
CC(C)N1CCC(O)(c2csc(CN3CCN(c4ccccn4)CC3)n2)CC1,QBABBBBUDQNRJA-UHFFFAOYSA-N,OC1(C=2N=C(SC2)CN3CCN(C4=NC=CC=C4)CC3)CCN(CC1)C(C)C,401.5706231569348,True,CC(C)N1CCC(O)(c2csc(CN3CCN(c4ccccn4)CC3)n2)CC1,Coconut
CC(C)C1=CC=C(CO)CC1,HBKLKBUNCSHWKO-UHFFFAOYSA-N,OCC1=CC=C(CC1)C(C)C,152.23381595666206,True,CC(C)C1=CC=C(CO)CC1,Coconut
O=S(=O)(NCC1CC2CCN1CC2CN1CCN(c2ncccn2)CC1)c1ccc(Cl)cc1,PYURMBDQBMCHGW-UHFFFAOYSA-N,O=S(=O)(NCC1N2CCC(C1)C(CN3CCN(C4=NC=CC=N4)CC3)C2)C5=CC=C(Cl)C=C5,491.05114066330015,True,O=S(=O)(NCC1CC2CCN1CC2CN1CCN(c2ncccn2)CC1)c1ccc(Cl)cc1,Coconut
O=C1COCC(C(O)c2ccc(NC(=O)c3ccco3)cc2)N1,SQWOWKHPPBSWAC-UHFFFAOYSA-N,O=C(NC1=CC=C(C=C1)C(O)C2NC(=O)COC2)C=3OC=CC3,316.30925746173955,True,O=C1COCC(C(O)c2ccc(NC(=O)c3ccco3)cc2)N1,Coconut
CC=C(C)C(=O)OC1Cc2c3c(c4oc(CO)cc(=O)c4c2O)Cc2ccnc(N)c2C2=CCC4=C2C(Cc2cnc(N)cc2C4)C1(C)O3,XEILKZRZQJNWBC-UHFFFAOYSA-N,O=C(OC1CC2=C(O)C=3C(=O)C=C(OC3C4=C2OC1(C)C5C=6C(=CCC6CC7=CC(=NC=C7C5)N)C=8C(=NC=CC8C4)N)CO)C(=CC)C,660.7164785368021,True,CC=C(C)C(=O)OC1Cc2c3c(c4oc(CO)cc(=O)c4c2O)Cc2ccnc(N)c2C2=CCC4=C2C(Cc2cnc(N)cc2C4)C1(C)O3,Coconut
CC(C)(C)CC(=O)NCC1OCC(NC2CCOCC2)C1O,ASTQBFTWOJAJRP-UHFFFAOYSA-N,O=C(NCC1OCC(NC2CCOCC2)C1O)CC(C)(C)C,314.4210230877312,True,CC(C)(C)CC(=O)NCC1OCC(NC2CCOCC2)C1O,Coconut
O=C(C=Cc1ccc(-c2ccc(O)c(C3C4CC5CC(C4)CC3C5)c2)cc1)Nc1ccc(O)cc1,GVWBZGUOTHOZLW-UHFFFAOYSA-N,O=C(C=CC=1C=CC(=CC1)C2=CC=C(O)C(=C2)C3C4CC5CC(C4)CC3C5)NC6=CC=C(O)C=C6,465.5838941587716,True,O=C(C=Cc1ccc(-c2ccc(O)c(C3C4CC5CC(C4)CC3C5)c2)cc1)Nc1ccc(O)cc1,Coconut
CCC1CCCC(C(O)CC(O)CCc2ccc(O)c(OCCC(c3ccnc(N)c3)C3(c4c[cH-]cn4)CCCC3)c2)CC1,DCRYPYHEEWMVBB-UHFFFAOYSA-N,OC1=CC=C(C=C1OCCC(C=2C=CN=C(N)C2)C3(C=4N=C[CH-]C4)CCCC3)CCC(O)CC(O)C5CCCC(CC)CC5,602.8278767114824,True,CCC1CCCC(C(O)CC(O)CCc2ccc(O)c(OCCC(c3ccnc(N)c3)C3(C4=CCC=N4)CCCC3)c2)CC1,Coconut
Nc1cc2nncoc-2c1,VSWVLIKCXNBPRK-UHFFFAOYSA-N,N=1N=C2C=C(N)C=C2OC1,135.12363369853435,True,Nc1cc2nncoc-2c1,Coconut
COCC(=O)Nc1ccc(C2OCC(=O)N(Cc3ccc(F)cc3)C2CO)cc1,XUIZGWGMVOCBDR-UHFFFAOYSA-N,O=C(NC1=CC=C(C=C1)C2OCC(=O)N(CC3=CC=C(F)C=C3)C2CO)COC,402.4169254424601,True,COCC(=O)Nc1ccc(C2OCC(=O)N(Cc3ccc(F)cc3)C2CO)cc1,Coconut
CNC(=O)C1(N2CCCC2C(=O)N2CCOCC2)COC1,LFWPISSXQULDKY-UHFFFAOYSA-N,O=C(NC)C1(N2CCCC2C(=O)N3CCOCC3)COC1,297.35066922441075,True,CNC(=O)C1(N2CCCC2C(=O)N2CCOCC2)COC1,Coconut
CCCCC(=O)OC(C)(C)C1CC=C(C)CC1,GIHNOWFSKYCHNL-UHFFFAOYSA-N,O=C(OC(C)(C)C1CC=C(C)CC1)CCCC,238.3663079064293,True,CCCCC(=O)OC(C)(C)C1CC=C(C)CC1,Coconut
CC(C)N1CCOCC1c1nc(-c2ccc(F)cc2F)c[nH]1,YKWASDOOHUOEBX-UHFFFAOYSA-N,FC=1C=CC(=C(F)C1)C=2N=C(NC2)C3N(CCOC3)C(C)C,307.33896965997536,True,CC(C)N1CCOCC1c1nc(-c2ccc(F)cc2F)c[nH]1,Coconut
CC12Cc3ccccc3CN1CCc1c2[nH]c2ccccc12,DPDQCRSZHHTPPD-UHFFFAOYSA-N,C=1C=CC2=C(C1)NC3=C2CCN4CC=5C=CC=CC5CC34C,288.38693942634774,True,CC12Cc3ccccc3CN1CCc1c2[nH]c2ccccc12,Coconut
CC1=CC(CNCC(C)C)C(C(C)C)CC1Cc1nc2ccncc2[nH]1,ZWQSQNCXZBFYLO-UHFFFAOYSA-N,N=1C=CC=2N=C(NC2C1)CC3C(=CC(CNCC(C)C)C(C3)C(C)C)C,354.5329881875568,True,CC1=CC(CNCC(C)C)C(C(C)C)CC1Cc1nc2ccncc2[nH]1,Coconut
CC(=O)OC1C=C(C)C2CC(=C(C)C)CC2C(C)C1,UAVFEMBKDRODDE-UHFFFAOYSA-N,O=C(OC1C=C(C)C2CC(=C(C)C)CC2C(C)C1)C,262.3877797000053,True,CC(=O)OC1C=C(C)C2CC(=C(C)C)CC2C(C)C1,Coconut
Cc1ccc(CN2C(=O)C3CC(O)CN3C3(CN(Cc4c[nH]cn4)C3)C2=O)o1,DHJJPONWHWUBOE-UHFFFAOYSA-N,O=C1N(C(=O)C2(N3CC(O)CC13)CN(CC=4N=CNC4)C2)CC=5OC(=CC5)C,385.4177551224227,True,Cc1ccc(CN2C(=O)C3CC(O)CN3C3(CN(Cc4c[nH]cn4)C3)C2=O)o1,Coconut
CCCCCC=CCC=CCC=CCC=CCC=CCCC(=O)OCC(O)COP(=O)(O)OCCN,GUWNUQBHHWXHBE-UHFFFAOYSA-N,O=C(OCC(O)COP(=O)(O)OCCN)CCC=CCC=CCC=CCC=CCC=CCCCCC,527.6314432192839,True,CCCCCC=CCC=CCC=CCC=CCC=CCCC(=O)OCC(O)COP(=O)(O)OCCN,Coconut
O=C1C(=Cc2ccccc2)C(=O)N(c2ccccc2)N1c1ccccc1,IPGOIMUBZKYHNY-UHFFFAOYSA-N,O=C1C(=CC=2C=CC=CC2)C(=O)N(C=3C=CC=CC3)N1C=4C=CC=CC4,340.3754580597593,True,O=C1C(=Cc2ccccc2)C(=O)N(c2ccccc2)N1c1ccccc1,Coconut
O=c1[nH]ncc2[nH]ccc12,NUNJYIYITJAZSA-UHFFFAOYSA-N,O=C1NN=CC=2NC=CC12,135.12363369853435,True,O=c1[nH]ncc2[nH]ccc12,Coconut
Fc1cccc(-c2c[nH]c(C3COCCN3Cc3csnn3)n2)c1,LXIVTEUDYGGWCX-UHFFFAOYSA-N,FC1=CC=CC(=C1)C=2N=C(NC2)C3N(CC=4N=NSC4)CCOC3,345.39623558560794,True,Fc1cccc(-c2c[nH]c(C3COCCN3Cc3csnn3)n2)c1,Coconut
CCCCc1cnc(CC)o1,KXXJEDOBYWNPME-UHFFFAOYSA-N,N=1C=C(OC1CC)CCCC,153.22184251308428,True,CCCCc1cnc(CC)o1,Coconut
OCC1C(O)CC(NCC2CCCCC2)C1Cc1ccnc(-c2ccccc2F)n1,ALNCVYRJOPUTNX-UHFFFAOYSA-N,FC=1C=CC=CC1C2=NC=CC(=N2)CC3C(NCC4CCCCC4)CC(O)C3CO,413.52908834158393,True,OCC1C(O)CC(NCC2CCCCC2)C1Cc1ccnc(-c2ccccc2F)n1,Coconut
CN1CCOC(OC(=O)C(C)(C)C)C1,MBPYFIQHWIYYEW-UHFFFAOYSA-N,O=C(OC1OCCN(C)C1)C(C)(C)C,201.2631512803142,True,CN1CCOC(OC(=O)C(C)(C)C)C1,Coconut
CC(C)NC(=O)Nc1ccc(C2OCC(=O)NC2CO)cc1,YDXVMMLDGQRXNS-UHFFFAOYSA-N,O=C(NC1=CC=C(C=C1)C2OCC(=O)NC2CO)NC(C)C,307.3455236135472,True,CC(C)NC(=O)Nc1ccc(C2OCC(=O)NC2CO)cc1,Coconut
CC1=CC(CNCc2ccccc2F)C(C(C)C)CC1Cc1nc2c(C)cccc2[nH]1,QYZLKNCISDIAQO-UHFFFAOYSA-N,FC=1C=CC=CC1CNCC2C=C(C)C(CC3=NC=4C(=CC=CC4C)N3)CC2C(C)C,419.5783676844608,True,CC1=CC(CNCc2ccccc2F)C(C(C)C)CC1Cc1nc2c(C)cccc2[nH]1,Coconut
CC(C)(C)C(=O)N1CC2(CN(C(=O)c3ccccc3)CC3COCCN32)C1,YYHFVETXXWWXHZ-UHFFFAOYSA-N,O=C(C=1C=CC=CC1)N2CC3N(CCOC3)C4(C2)CN(C(=O)C(C)(C)C)C4,371.474060097312,True,CC(C)(C)C(=O)N1CC2(CN(C(=O)c3ccccc3)CC3COCCN32)C1,Coconut
CCCCN1C(=O)C2CC(O)CN2C2(CN(C3CCOCC3)C2)C1=O,FUMASRKHZSKXIZ-UHFFFAOYSA-N,O=C1N(C(=O)C2(N3CC(O)CC13)CN(C2)C4CCOCC4)CCCC,351.44125733451745,True,CCCCN1C(=O)C2CC(O)CN2C2(CN(C3CCOCC3)C2)C1=O,Coconut
O=C(NC(Cn1cc(Cl)c(=O)[nH]c1=O)C(=O)O)C1CCCC1,AUNUIXVURWGNJE-UHFFFAOYSA-N,O=C1NC(=O)N(C=C1Cl)CC(NC(=O)C2CCCC2)C(=O)O,329.7366905565956,True,O=C(NC(Cn1cc(Cl)c(=O)[nH]c1=O)C(=O)O)C1CCCC1,Coconut
CCCCCCC1(C)CCC(=O)O1,ALWUKGXLBSQSMA-UHFFFAOYSA-N,O=C1OC(C)(CC1)CCCCCC,184.2757197963226,True,CCCCCCC1(C)CCC(=O)O1,Coconut
CCCCCC=CC(=O)CCc1ccc(O)c(OCCc2ccc(O)c(C3c4cc5c(cc4CCC3C(=O)[c-]3ccnc3)C(N)NCC5)c2)c1,IHXBBBMBVRRIGN-UHFFFAOYSA-N,O=C(C=CCCCCC)CCC1=CC=C(O)C(OCCC2=CC=C(O)C(=C2)C3C=4C=C5C(=CC4CCC3C(=O)[C-]6C=NC=C6)C(N)NCC5)=C1,674.8491981076888,True,CCCCCC=CC(=O)CCc1ccc(O)c(OCCc2ccc(O)c(C3c4cc5c(cc4CCC3C(=O)C3C=CN=C3)C(N)NCC5)c2)c1,Coconut
COc1cccc(CN2CC3(C2)C(=O)N(Cc2ccc(C)o2)C(=O)C2CC(O)CN23)c1,RJLIIXDJUGFJRI-UHFFFAOYSA-N,O=C1N(C(=O)C2(N3CC(O)CC13)CN(CC=4C=CC=C(OC)C4)C2)CC=5OC(=CC5)C,425.4784602383752,True,COc1cccc(CN2CC3(C2)C(=O)N(Cc2ccc(C)o2)C(=O)C2CC(O)CN23)c1,Coconut
COCCN1C(=O)COC2CN(Cc3ccc(S(C)(=O)=O)cc3)CC21,HKPNKQGRPGFNSS-UHFFFAOYSA-N,O=C1N(CCOC)C2CN(CC3=CC=C(C=C3)S(=O)(=O)C)CC2OC1,368.4496043821719,True,COCCN1C(=O)COC2CN(Cc3ccc(S(C)(=O)=O)cc3)CC21,Coconut
CC1=CC(CNC(=O)c2cnccn2)C(C(C)C)CC1Cc1nc2ccc(C)cc2[nH]1,JOJOTOFFEPJKEF-UHFFFAOYSA-N,O=C(NCC1C=C(C)C(CC2=NC=3C=CC(=CC3N2)C)CC1C(C)C)C4=NC=CN=C4,417.5474817510489,True,CC1=CC(CNC(=O)c2cnccn2)C(C(C)C)CC1Cc1nc2ccc(C)cc2[nH]1,Coconut
COc1cccc(-c2c[nH]c(C3COCCN3CC3CC3)n2)c1,LZSPHROJMVCRFO-UHFFFAOYSA-N,N=1C(=CNC1C2N(CCOC2)CC3CC3)C=4C=CC=C(OC)C4,313.39480295642386,True,COc1cccc(-c2c[nH]c(C3COCCN3CC3CC3)n2)c1,Coconut
O=C(C1CCCC1)N1CCC2COC(=O)N2c2cc(F)ccc2C1,RHOAKXXWJDUCOP-UHFFFAOYSA-N,O=C1OCC2N1C3=CC(F)=CC=C3CN(C(=O)C4CCCC4)CC2,332.37002638930574,True,O=C(C1CCCC1)N1CCC2COC(=O)N2c2cc(F)ccc2C1,Coconut
COc1cnccn1,WKSXRWSOSLGSTN-UHFFFAOYSA-N,N=1C=CN=C(OC)C1,110.11413534853617,True,COc1cnccn1,Coconut
CC(C)CCOC(=O)CC(S)C(=O)OCCC(C)C,HHNLQBYPOOATIP-UHFFFAOYSA-N,O=C(OCCC(C)C)CC(S)C(=O)OCCC(C)C,290.4204668578181,True,CC(C)CCOC(=O)CC(S)C(=O)OCCC(C)C,Coconut
CCc1ccc2ccccc2c1Cc1c(CC(Cc2cnc[cH-]2)C(O)CC(=O)C(Cc2ccc(O)c(OC3CCCCC3)c2)c2cccc(O)c2)ccc(O)c1OC,LWCXRJUXWFYDGO-UHFFFAOYSA-N,O=C(CC(O)C(CC1=CN=C[CH-]1)CC2=CC=C(O)C(OC)=C2CC=3C=4C=CC=CC4C=CC3CC)C(C=5C=CC=C(O)C5)CC6=CC=C(O)C(OC7CCCCC7)=C6,780.9681332460141,True,CCc1ccc2ccccc2c1Cc1c(CC(CC2=CN=CC2)C(O)CC(=O)C(Cc2ccc(O)c(OC3CCCCC3)c2)c2cccc(O)c2)ccc(O)c1OC,Coconut
CC(=O)Sc1ccoc1C,PQFIBPDAGFGLBY-UHFFFAOYSA-N,O=C(SC=1C=COC1C)C,156.20357215629912,True,CC(=O)Sc1ccoc1C,Coconut
Nc1cncc2ncoc12,UVUFZFAARHIOOZ-UHFFFAOYSA-N,N1=CC=2N=COC2C(N)=C1,135.12363369853435,True,Nc1cncc2ncoc12,Coconut
N=Cc1cc2nc[nH]c2o1,NDFKJDJVUDUONI-UHFFFAOYSA-N,N=CC=1OC=2NC=NC2C1,135.12363369853435,True,N=Cc1cc2nc[nH]c2o1,Coconut
Cn1ccnc1CN1CCOCC1c1nc(-c2ccc(S(C)(=O)=O)cc2)c[nH]1,WMDXSDDKEACTIK-UHFFFAOYSA-N,O=S(=O)(C=1C=CC(=CC1)C=2N=C(NC2)C3N(CC4=NC=CN4C)CCOC3)C,401.48443518789134,True,Cn1ccnc1CN1CCOCC1c1nc(-c2ccc(S(C)(=O)=O)cc2)c[nH]1,Coconut
O=c1cccc2n1CC1CC2CN(CC2CN3CCC2CC3CNC(=S)Nc2ccccc2)C1,POXNWZSMAXSOAF-UHFFFAOYSA-N,O=C1C=CC=C2N1CC3CN(CC2C3)CC4CN5CCC4CC5CNC(=S)NC=6C=CC=CC6,477.6668015529659,True,O=c1cccc2n1CC1CC2CN(CC2CN3CCC2CC3CNC(=S)Nc2ccccc2)C1,Coconut
CN(C)CC(=O)N1CC2CC(C1)c1c(-c3ccc4ccccc4c3)ccc(=O)n1C2,OKTVXZSZAOVVET-UHFFFAOYSA-N,O=C1C=CC(C=2C=CC=3C=CC=CC3C2)=C4N1CC5CN(C(=O)CN(C)C)CC4C5,401.50171724924303,True,CN(C)CC(=O)N1CC2CC(C1)c1c(-c3ccc4ccccc4c3)ccc(=O)n1C2,Coconut
Cc1ccc(-c2c[nH]c(C3COCCN3Cc3c[nH]c4ccccc34)n2)cc1,DORVDWKAIWWCKN-UHFFFAOYSA-N,N=1C(=CNC1C2N(CC3=CNC=4C=CC=CC43)CCOC2)C=5C=CC(=CC5)C,372.4637214736563,True,Cc1ccc(-c2c[nH]c(C3COCCN3Cc3c[nH]c4ccccc34)n2)cc1,Coconut
OCC1OC(OC2(COC3(O)OC(CO)C(O)C3O)OC(CO)C(O)C2O)C(O)C(O)C1O,WKVUDSJSOXZCJX-UHFFFAOYSA-N,OCC1OC(OC2(OC(CO)C(O)C2O)COC3(O)OC(CO)C(O)C3O)C(O)C(O)C1O,490.41121170128,True,OCC1OC(OC2(COC3(O)OC(CO)C(O)C3O)OC(CO)C(O)C2O)C(O)C(O)C1O,Coconut
CCCCCCCC1CC(C)OC1=O,ZFKUTGNRVJOCIO-UHFFFAOYSA-N,O=C1OC(C)CC1CCCCCCC,198.30233720076217,True,CCCCCCCC1CC(C)OC1=O,Coconut
O=C(CCc1ccccc1)Nc1ccc(C(O)C2COCC(=O)N2Cc2ccncc2)cc1,XVWPGQLAMRTCSB-UHFFFAOYSA-N,O=C(NC1=CC=C(C=C1)C(O)C2N(C(=O)COC2)CC=3C=CN=CC3)CCC=4C=CC=CC4,445.5112630011698,True,O=C(CCc1ccccc1)Nc1ccc(C(O)C2COCC(=O)N2Cc2ccncc2)cc1,Coconut
Nc1nnc2coccc1-2,XWGPYSXOXPRHGD-UHFFFAOYSA-N,N1=NC2=COC=CC2=C1N,135.12363369853438,True,Nc1nnc2coccc1-2,Coconut
Oc1cc2cc[nH]nc-2n1,KGLSBMHAVQTHDB-UHFFFAOYSA-N,OC1=NC2=NNC=CC2=C1,135.12363369853435,True,O=c1cc2cc[nH]nc-2[nH]1,Coconut
CC(C)(C)c1c[nH]c(C2COCCN2Cc2ccc(S(C)(=O)=O)cc2)n1,KZLANJFHGDCLTM-UHFFFAOYSA-N,O=S(=O)(C1=CC=C(C=C1)CN2CCOCC2C3=NC(=CN3)C(C)(C)C)C,377.5027917891225,True,CC(C)(C)c1c[nH]c(C2COCCN2Cc2ccc(S(C)(=O)=O)cc2)n1,Coconut
CC(C)(C)CNC1CC(O)C(CO)C1Cc1ccnc(C(C)(C)C)n1,PDCBYDDYZVINDH-UHFFFAOYSA-N,OCC1C(O)CC(NCC(C)(C)C)C1CC2=NC(=NC=C2)C(C)(C)C,349.5115637959093,True,CC(C)(C)CNC1CC(O)C(CO)C1Cc1ccnc(C(C)(C)C)n1,Coconut
NC(=O)CN1C(=O)COC2CN(Cc3ccc(C(F)(F)F)cc3)CC21,NVRNWNJCBJNQPW-UHFFFAOYSA-N,O=C(N)CN1C(=O)COC2CN(CC3=CC=C(C=C3)C(F)(F)F)CC12,357.3282419812884,True,NC(=O)CN1C(=O)COC2CN(Cc3ccc(C(F)(F)F)cc3)CC21,Coconut
CC(C)(C)CCNC1CC(O)C(CO)C1Cc1ccnc(-c2ccccc2F)n1,GHVJOAZIMYNKQR-UHFFFAOYSA-N,FC=1C=CC=CC1C2=NC=CC(=N2)CC3C(NCCC(C)(C)C)CC(O)C3CO,401.518352444796,True,CC(C)(C)CCNC1CC(O)C(CO)C1Cc1ccnc(-c2ccccc2F)n1,Coconut
COCc1cc(CC2CCC(O)C(CNC(=O)Nc3ccc(F)cc3)O2)no1,GUPPHIOFGROWIM-UHFFFAOYSA-N,O=C(NC1=CC=C(F)C=C1)NCC2OC(CC3=NOC(=C3)COC)CCC2O,393.4100976097459,True,COCc1cc(CC2CCC(O)C(CNC(=O)Nc3ccc(F)cc3)O2)no1,Coconut
CCNCC(O)(CCCCCCCC1CCN2C(CCC(O)C2C)C1)CC(=O)O,LCKLHWRKIDBJEH-UHFFFAOYSA-N,O=C(O)CC(O)(CNCC)CCCCCCCC1CCN2C(CCC(O)C2C)C1,412.6073449188082,True,CCNCC(O)(CCCCCCCC1CCN2C(CCC(O)C2C)C1)CC(=O)O,Coconut
CCCCCC1C=CC(CCCCCC(C(=O)O)C(O)CCC2(O)CC(Cc3ccnc(N)c3)CC2Cc2[cH-]c(C(C)CC(C)C3CCCC3)cn2)C(O)C1,BEORGGGIOGYXKA-UHFFFAOYSA-N,O=C(O)C(CCCCCC1C=CC(CCCCC)CC1O)C(O)CCC2(O)CC(CC=3C=CN=C(N)C3)CC2CC4=NC=C([CH-]4)C(C)CC(C)C5CCCC5,761.1093371910993,True,CCCCCC1C=CC(CCCCCC(C(=O)O)C(O)CCC2(O)CC(Cc3ccnc(N)c3)CC2CC2=NC=C(C(C)CC(C)C3CCCC3)C2)C(O)C1,Coconut
C=C1C(=O)OC2C=C(C)CCC=C(C(=O)OC)CC(OC(=O)CC)C12,OGJDOLYKRKOBAP-UHFFFAOYSA-N,O=C(OC)C1=CCCC(=CC2OC(=O)C(=C)C2C(OC(=O)CC)C1)C,348.3909896962073,True,C=C1C(=O)OC2C=C(C)CCC=C(C(=O)OC)CC(OC(=O)CC)C12,Coconut
COC1=C(C)C(=O)OC1=C1OC2=CCCN3C(C(O)CC4CCCC4)CCCC3C2C1C,PJGKACRZQGZYGB-UHFFFAOYSA-N,O=C1OC(C(OC)=C1C)=C2OC3=CCCN4C(CCCC4C3C2C)C(O)CC5CCCC5,443.5766690529251,True,COC1=C(C)C(=O)OC1=C1OC2=CCCN3C(C(O)CC4CCCC4)CCCC3C2C1C,Coconut
COC(=O)c1occ2c1C(C)=C1CC(C)(C)CC1C2,CGYNNONCMUXGEH-UHFFFAOYSA-N,O=C(OC)C=1OC=C2C1C(=C3CC(C)(C)CC3C2)C,260.328804207832,True,COC(=O)c1occ2c1C(C)=C1CC(C)(C)CC1C2,Coconut
C=Nn1ncc2cocc21,GJAWRIWNGIFECW-UHFFFAOYSA-N,N(=C)N1N=CC2=COC=C21,135.12363369853438,True,C=Nn1ncc2cocc21,Coconut
O=Nc1cc2cc[nH]n2c1,DPOKPVFTFXDGBT-UHFFFAOYSA-N,O=NC=1C=C2C=CNN2C1,135.12363369853435,True,O=Nc1cc2cc[nH]n2c1,Coconut
On1ccc2cncc-2n1,GIXYAHHZMNDVDU-UHFFFAOYSA-N,ON1N=C2C=NC=C2C=C1,135.12363369853435,True,On1ccc2cncc-2n1,Coconut
Cc1ccc(C2=NCCCC2)o1,WARIRIKWLUUAPJ-UHFFFAOYSA-N,N1=C(C=2OC(=CC2)C)CCCC1,163.2166969022207,True,Cc1ccc(C2=NCCCC2)o1,Coconut
CNC(=N)NC(CCO)c1c(CCc2ccc(N)nc2)cc2c(c1O)C(=O)c1c(OC3OC(CO)C(O)C(O)C3O)cc(OC)cc1C2=O,JLWZUKUJTSXPGG-UHFFFAOYSA-N,O=C1C=2C=C(C(=C(O)C2C(=O)C=3C(OC4OC(CO)C(O)C(O)C4O)=CC(OC)=CC13)C(NC(=N)NC)CCO)CCC5=CN=C(N)C=C5,681.6909442316531,True,CNC(=N)NC(CCO)c1c(CCc2ccc(N)nc2)cc2c(c1O)C(=O)c1c(OC3OC(CO)C(O)C(O)C3O)cc(OC)cc1C2=O,Coconut
CC1(O)CCN(C(=O)NCc2ccccc2)C(c2cccs2)C1NC(=O)C1CCCC1,HZXNPMVETIJGJT-UHFFFAOYSA-N,O=C(NCC=1C=CC=CC1)N2CCC(O)(C)C(NC(=O)C3CCCC3)C2C=4SC=CC4,441.5882342883655,True,CC1(O)CCN(C(=O)NCc2ccccc2)C(c2cccs2)C1NC(=O)C1CCCC1,Coconut
CCCCCCCCCCCCCCCCCCCCCCCCC(=O)NC(CO)C(O)CCCCCCCCCCCCCCC,HCDLRJUFVJOBJP-UHFFFAOYSA-N,O=C(NC(CO)C(O)CCCCCCCCCCCCCCC)CCCCCCCCCCCCCCCCCCCCCCCC,666.1574071344717,True,CCCCCCCCCCCCCCCCCCCCCCCCC(=O)NC(CO)C(O)CCCCCCCCCCCCCCC,Coconut
O=C(NC(Cn1cc(Cl)c(=O)[nH]c1=O)C(=O)O)c1ccco1,QFPSOFUBKGPMGP-UHFFFAOYSA-N,O=C(O)C(NC(=O)C=1OC=CC1)CN2C=C(Cl)C(=O)NC2=O,327.6777150644223,True,O=C(NC(Cn1cc(Cl)c(=O)[nH]c1=O)C(=O)O)c1ccco1,Coconut
COc1ccc2c(c1)C1(C)CCNC(=O)C1N2C,NRYXRUKFJJJNEL-UHFFFAOYSA-N,O=C1NCCC2(C3=CC(OC)=CC=C3N(C)C12)C,246.30545239310695,True,COc1ccc2c(c1)C1(C)CCNC(=O)C1N2C,Coconut
Nc1nc2cnccc2o1,FJHYVYMTPVSYDO-UHFFFAOYSA-N,N=1C=CC=2OC(=NC2C1)N,135.12363369853438,True,Nc1nc2cnccc2o1,Coconut
CC1=CC(CNC(=O)CCC(=O)O)C(C(C)C)CC1Cc1nc2ccccc2[nH]1,MJMQLZAPRMQZHM-UHFFFAOYSA-N,O=C(O)CCC(=O)NCC1C=C(C)C(CC2=NC=3C=CC=CC3N2)CC1C(C)C,397.5114133985396,True,CC1=CC(CNC(=O)CCC(=O)O)C(C(C)C)CC1Cc1nc2ccccc2[nH]1,Coconut
O=C(O)CC1CCN(C(=O)COc2ccccc2)CC1CCN1CCN(c2cccc(C(F)(F)F)c2)CC1,BKNPTTGLFNCZLJ-UHFFFAOYSA-N,O=C(O)CC1CCN(C(=O)COC=2C=CC=CC2)CC1CCN3CCN(C4=CC=CC(=C4)C(F)(F)F)CC3,533.5835297315264,True,O=C(O)CC1CCN(C(=O)COc2ccccc2)CC1CCN1CCN(c2cccc(C(F)(F)F)c2)CC1,Coconut
CCCNC(=O)CC1CC2OC(CNC(=O)Nc3cccs3)C(O)C2O1,ZEFSZPRKGCBWTK-UHFFFAOYSA-N,O=C(NC=1SC=CC1)NCC2OC3CC(OC3C2O)CC(=O)NCCC,383.46424834303366,True,CCCNC(=O)CC1CC2OC(CNC(=O)Nc3cccs3)C(O)C2O1,Coconut
CC1=CC2C(=O)c3cccc(OC4OC(CO)C(O)C(O)(CCc5ccnc(N)c5)C4O)c3C(=O)C2C(O)=C1,ZKPALYFBRMVVPF-UHFFFAOYSA-N,O=C1C=2C=CC=C(OC3OC(CO)C(O)C(O)(CCC=4C=CN=C(N)C4)C3O)C2C(=O)C5C(O)=CC(=CC15)C,538.5468784870342,True,CC1=CC2C(=O)c3cccc(OC4OC(CO)C(O)C(O)(CCc5ccnc(N)c5)C4O)c3C(=O)C2C(=O)C1,Coconut
CCCCN1C(=O)C2CC(O)CN2C2(CN(CC3CCCCC3)C2)C1=O,WULCZNZHPZCUHR-UHFFFAOYSA-N,O=C1N(C(=O)C2(N3CC(O)CC13)CN(CC4CCCCC4)C2)CCCC,363.4950872158272,True,CCCCN1C(=O)C2CC(O)CN2C2(CN(CC3CCCCC3)C2)C1=O,Coconut
CCn1nc(C)cc1C(=O)NC1C(c2cccnc2)CC(O)C1O,CDHFZBHTUBVCLC-UHFFFAOYSA-N,O=C(NC1C(O)C(O)CC1C=2C=NC=CC2)C3=CC(=NN3CC)C,330.3822344404156,True,CCn1nc(C)cc1C(=O)NC1C(c2cccnc2)CC(O)C1O,Coconut
CCC(CCC(C)C1CCC2C3C(O)C=C4CCCCC4(C)C3CCC12C)C(C)C,DYMJMYRIBWWKMH-UHFFFAOYSA-N,OC1C=C2CCCCC2(C)C3CCC4(C)C(CCC4C13)C(C)CCC(CC)C(C)C,414.7077836257108,True,CCC(CCC(C)C1CCC2C3C(O)C=C4CCCCC4(C)C3CCC12C)C(C)C,Coconut
CC(O)c1onc(-c2ccc(F)cc2)c1C(=O)N1CCCCC1,YQVNATYIKKJRSZ-UHFFFAOYSA-N,O=C(C=1C(=NOC1C(O)C)C=2C=CC(F)=CC2)N3CCCCC3,318.34340898486613,True,CC(O)c1onc(-c2ccc(F)cc2)c1C(=O)N1CCCCC1,Coconut
CC(C)CCNC1(Cc2cc(-c3ccc(F)cc3)on2)COC1,YDCVCLIUSRXMKO-UHFFFAOYSA-N,FC=1C=CC(=CC1)C=2ON=C(C2)CC3(NCCC(C)C)COC3,318.38650296938795,True,CC(C)CCNC1(Cc2cc(-c3ccc(F)cc3)on2)COC1,Coconut
Nc1ncc2ncocc1-2,WVESGQWYNOCRMB-UHFFFAOYSA-N,N1=COC=C2C(=NC=C12)N,135.12363369853438,True,Nc1ncc2ncocc1-2,Coconut
COCC(=O)NCC1C=C(C)C(Cc2nc3ccncc3[nH]2)CC1C(C)C,DQXCKYJJWSDQHX-UHFFFAOYSA-N,O=C(NCC1C=C(C)C(CC2=NC=3C=CN=CC3N2)CC1C(C)C)COC,370.4892991306044,True,COCC(=O)NCC1C=C(C)C(Cc2nc3ccncc3[nH]2)CC1C(C)C,Coconut
C=C1C(O)C23CC1(O)CCC2C1(C=O)CCCC(C)(C(=O)O)C1C3C(=O)O,ODFFXPNOCMSXHG-UHFFFAOYSA-N,O=CC12CCCC(C(=O)O)(C)C2C(C(=O)O)C34CC(O)(C(=C)C3O)CCC14,378.4170120282162,True,C=C1C(O)C23CC1(O)CCC2C1(C=O)CCCC(C)(C(=O)O)C1C3C(=O)O,Coconut
CC(C=C=C1C(C)(C)CC(O)CC1(C)O)=CC=CC(C)=CC=CC=C(C)C=CC=C(C)C1C=C2C(C)(C)CC(C)CC2(C)O1,CLGFMDWNSYMFRK-UHFFFAOYSA-N,OC1CC(O)(C(=C=CC(=CC=CC(=CC=CC=C(C=CC=C(C)C2OC3(C(=C2)C(C)(C)CC(C)C3)C)C)C)C)C(C)(C)C1)C,598.8989502729119,True,CC(C=C=C1C(C)(C)CC(O)CC1(C)O)=CC=CC(C)=CC=CC=C(C)C=CC=C(C)C1C=C2C(C)(C)CC(C)CC2(C)O1,Coconut
C=Cc1cc2ncon2n1,BWIAPDRNVWQUCZ-UHFFFAOYSA-N,N1=CON2N=C(C=C)C=C12,135.12363369853438,True,C=Cc1cc2ncon2n1,Coconut
Cc1ccc(-n2nc(C(=O)NCC(=O)O)nc2-c2ccccc2)cc1,LSQQSQMJIVFSQD-UHFFFAOYSA-N,O=C(O)CNC(=O)C=1N=C(C=2C=CC=CC2)N(N1)C3=CC=C(C=C3)C,336.3453258142487,True,Cc1ccc(-n2nc(C(=O)NCC(=O)O)nc2-c2ccccc2)cc1,Coconut
COc1ccc(CN2C(=O)COC3CN(C)CC32)cc1,LSBNYRLQDWYELB-UHFFFAOYSA-N,O=C1N(CC2=CC=C(OC)C=C2)C3CN(C)CC3OC1,276.331474725116,True,COc1ccc(CN2C(=O)COC3CN(C)CC32)cc1,Coconut
CC1=CC(CNCc2cccnc2)C(C(C)C)CC1Cc1nc2cccc(C)c2[nH]1,VTQNUZCDPAOAKQ-UHFFFAOYSA-N,N=1C=CC=C(C1)CNCC2C=C(C)C(CC3=NC=4C=CC=C(C4N3)C)CC2C(C)C,402.5759317747088,True,CC1=CC(CNCc2cccnc2)C(C(C)C)CC1Cc1nc2cccc(C)c2[nH]1,Coconut
COC1=C(C)C(=O)OC1=C1OC2=CC3(CCCCC3)C3CCC4CCC(C2C1C)N3C4C(O)C1C=CCC(C)C1,UIXDOPVEEYGUAK-UHFFFAOYSA-N,O=C1OC(C(OC)=C1C)=C2OC3=CC4(CCCCC4)C5N6C(CCC(CC5)C6C(O)C7C=CCC(C)C7)C3C2C,549.741963765487,True,COC1=C(C)C(=O)OC1=C1OC2=CC3(CCCCC3)C3CCC4CCC(C2C1C)N3C4C(O)C1C=CCC(C)C1,Coconut
CCCCC=CCCCCCCCC(=O)OC(COC(=O)CCCCCCCC=CCC=CCCCCC)COP(=O)(O)OCC(N)C(=O)O,XOQNXVJRHIRCSR-UHFFFAOYSA-N,O=C(OCC(OC(=O)CCCCCCCC=CCCCC)COP(=O)(O)OCC(N)C(=O)O)CCCCCCCC=CCC=CCCCCC,729.9224494508276,True,CCCCC=CCCCCCCCC(=O)OC(COC(=O)CCCCCCCC=CCC=CCCCCC)COP(=O)(O)OCC(N)C(=O)O,Coconut
CCCCCc1cccc(CC2CC(C(O)C3C=CCC(C4CCCC4)C3)N3CCC=C4OC(=C5OC(=O)C(CO)=C5OC)C(CO)C4C3C2)c1,KKDQRBXFNLSYRR-UHFFFAOYSA-N,O=C1OC(C(OC)=C1CO)=C2OC3=CCCN4C(CC(CC=5C=CC=C(C5)CCCCC)CC4C3C2CO)C(O)C6C=CCC(C6)C7CCCC7,701.9326857376271,True,CCCCCc1cccc(CC2CC(C(O)C3C=CCC(C4CCCC4)C3)N3CCC=C4OC(=C5OC(=O)C(CO)=C5OC)C(CO)C4C3C2)c1,Coconut
NCCC1=CC(C(C=O)CCCCCC2CC=CC(CO)C(C(=O)O)C3(CCC4C=c5ccccc5=CC4C3)c3cccc(c3)CC2c2ccc(O)cc2)CC1,DHGOBKTYMPOFTL-UHFFFAOYSA-N,O=CC(CCCCCC1CC=CC(CO)C(C(=O)O)C2(C=3C=CC=C(C3)CC1C4=CC=C(O)C=C4)CCC5C=C6C=CC=CC6=CC5C2)C7C=C(CCN)CC7,756.024908667656,True,NCCC1=CC(C(C=O)CCCCCC2CC=CC(CO)C(C(=O)O)C3(CCC4C=c5ccccc5=CC4C3)c3cccc(c3)CC2c2ccc(O)cc2)CC1,Coconut
CCOC(=O)CNC(=O)c1cc(Cl)ccc1Cl,JDSIJRBVXPRIHJ-UHFFFAOYSA-N,O=C(OCC)CNC(=O)C1=CC(Cl)=CC=C1Cl,276.11623630286385,True,CCOC(=O)CNC(=O)c1cc(Cl)ccc1Cl,Coconut
CNCC(CNC)Oc1cc2c(cc1O)CC#Cc1nc(N)ccc1CC1CCC3(Cc4cc(O)cc(OC)c4-c4ccc5c(c43)OC2C5COC(C)=O)C1,VVDHZWOLAGOGGA-UHFFFAOYSA-N,O=C(OCC1C2=CC=C3C=4C(OC)=CC(O)=CC4CC56C3=C2OC1C7=CC(OC(CNC)CNC)=C(O)C=C7CC#CC=8N=C(N)C=CC8CC(CC5)C6)C,744.8761829634396,True,CNCC(CNC)Oc1cc2c(cc1O)CC#Cc1nc(N)ccc1CC1CCC3(Cc4cc(O)cc(OC)c4-c4ccc5c(c43)OC2C5COC(C)=O)C1,Coconut
CC(=O)N1CCC(NC2COC(CNC(=O)c3ccccc3)C2O)CC1,MJKYTIALISUBJQ-UHFFFAOYSA-N,O=C(NCC1OCC(NC2CCN(C(=O)C)CC2)C1O)C=3C=CC=CC3,361.43611172365377,True,CC(=O)N1CCC(NC2COC(CNC(=O)c3ccccc3)C2O)CC1,Coconut
N#Cc1cccc(-c2ccnc(NC3COC4C(OC(=O)Nc5cccc6ccccc56)COC34)n2)c1,AKLGRUHLLZISOF-UHFFFAOYSA-N,N#CC1=CC=CC(=C1)C2=NC(=NC=C2)NC3COC4C(OC(=O)NC5=CC=CC=6C=CC=CC65)COC43,493.5143781935146,True,N#Cc1cccc(-c2ccnc(NC3COC4C(OC(=O)Nc5cccc6ccccc56)COC34)n2)c1,Coconut
Nc1onc2ncccc12,YFBHLPFAPZXZQF-UHFFFAOYSA-N,N=1OC(N)=C2C=CC=NC12,135.12363369853435,True,Nc1onc2ncccc12,Coconut
COc1c(C)c2cc3c(c(OC)c2c2oc(C)cc(=O)c12)C(=O)CC3,RUCZSBOHCDYPAG-UHFFFAOYSA-N,O=C1C=C(OC2=C1C(OC)=C(C=3C=C4C(=C(OC)C23)C(=O)CC4)C)C,338.35467614247113,True,COc1c(C)c2cc3c(c(OC)c2c2oc(C)cc(=O)c12)C(=O)CC3,Coconut
COCCN1C(=O)COC2CN(Cc3ccc(C(=O)O)cc3)CC21,ZVGJRKGOQRQRSA-UHFFFAOYSA-N,O=C(O)C1=CC=C(C=C1)CN2CC3OCC(=O)N(CCOC)C3C2,334.3676378814823,True,COCCN1C(=O)COC2CN(Cc3ccc(C(=O)O)cc3)CC21,Coconut
O=S(=O)(O)Oc1cc(C2Oc3cc(O)cc(O)c3CC2O)ccc1O,VBSMBNMUYITMLB-UHFFFAOYSA-N,O=S(=O)(O)OC1=CC(=CC=C1O)C2OC=3C=C(O)C=C(O)C3CC2O,370.3329383465436,True,O=S(=O)(O)Oc1cc(C2Oc3cc(O)cc(O)c3CC2O)ccc1O,Coconut
CS(=O)(=O)NCC1OCC(NC(=O)c2ccccc2)C1O,QWVLNBCJTVBLNU-UHFFFAOYSA-N,O=C(NC1COC(CNS(=O)(=O)C)C1O)C=2C=CC=CC2,314.3590162720652,True,CS(=O)(=O)NCC1OCC(NC(=O)c2ccccc2)C1O,Coconut
C=C(OC(=O)N(C)c1ccccc1)c1cccc(-c2ccccc2)c1,PVTXHRSHXQIARK-UHFFFAOYSA-N,O=C(OC(=C)C1=CC=CC(=C1)C=2C=CC=CC2)N(C=3C=CC=CC3)C,329.3925771142007,True,C=C(OC(=O)N(C)c1ccccc1)c1cccc(-c2ccccc2)c1,Coconut
Nc1cc(C(CCOc2cc(CCC(O)CC(O)C3CCCC(CCO)CC3)ccc2O)Cc2c[cH-]cn2)ccn1,GIUUBEQRWCJIJW-UHFFFAOYSA-N,OC1=CC=C(C=C1OCCC(C=2C=CN=C(N)C2)CC=3N=C[CH-]C3)CCC(O)CC(O)C4CCCC(CCO)CC4,564.7366935289452,True,Nc1cc(C(CCOc2cc(CCC(O)CC(O)C3CCCC(CCO)CC3)ccc2O)CC2=CCC=N2)ccn1,Coconut
CC(C)CC(=O)Nc1ccc(C2OCC(=O)N(CC(=O)N(C)C)C2CO)cc1,WBDCXFILSJUZGI-UHFFFAOYSA-N,O=C(NC1=CC=C(C=C1)C2OCC(=O)N(CC(=O)N(C)C)C2CO)CC(C)C,391.4621340556628,True,CC(C)CC(=O)Nc1ccc(C2OCC(=O)N(CC(=O)N(C)C)C2CO)cc1,Coconut
C=C1CC23CC1(O)C(O)CC2C12CCCC(C)(C(=O)OC1)C2C3C(=O)O,RJLDWXDBZIDMEF-UHFFFAOYSA-N,O=C(O)C1C2C3(C(=O)OCC2(CCC3)C4CC(O)C5(O)C(=C)CC14C5)C,362.4176071006468,True,C=C1CC23CC1(O)C(O)CC2C12CCCC(C)(C(=O)OC1)C2C3C(=O)O,Coconut
CCCOC(=O)Cc1ccccc1,GXXFZZLGPFNITM-UHFFFAOYSA-N,O=C(OCCC)CC=1C=CC=CC1,178.22807527336786,True,CCCOC(=O)Cc1ccccc1,Coconut
CC(=O)N1CCC(NC2(Cc3cc(CCO)on3)COC2)CC1,LLBHVYACERYJDF-UHFFFAOYSA-N,O=C(N1CCC(NC2(COC2)CC3=NOC(=C3)CCO)CC1)C,323.38802252563823,True,CC(=O)N1CCC(NC2(Cc3cc(CCO)on3)COC2)CC1,Coconut
CC=CC=CCOC(=O)C(C)C,CVYBRMSQMLJGOI-UHFFFAOYSA-N,O=C(OCC=CC=CC)C(C)C,168.23322088423146,True,CC=CC=CCOC(=O)C(C)C,Coconut
N#Cc1cccc(CNC2COC(CNC(=O)c3ccc(F)cc3)C2O)c1,QLQXRKCFFWVVQI-UHFFFAOYSA-N,N#CC1=CC=CC(=C1)CNC2COC(CNC(=O)C3=CC=C(F)C=C3)C2O,369.3902606360919,True,N#Cc1cccc(CNC2COC(CNC(=O)c3ccc(F)cc3)C2O)c1,Coconut
NC(O)(CCC(=O)NC(CSC1C2=C3C(C=C(Cc4ccncc4)C4(CCCC4)C3CCCCCC13CCCC3)C(=O)O2)C(=O)NC(O)C(=O)O)C(=O)O,LXRHXPMDQMXYIJ-UHFFFAOYSA-N,O=C(O)C(O)NC(=O)C(NC(=O)CCC(O)(N)C(=O)O)CSC1C=2OC(=O)C3C=C(CC=4C=CN=CC4)C5(CCCC5)C(C23)CCCCCC61CCCC6,768.9185662705488,True,NC(O)(CCC(=O)NC(CSC1C2=C3C(C=C(Cc4ccncc4)C4(CCCC4)C3CCCCCC13CCCC3)C(=O)O2)C(=O)NC(O)C(=O)O)C(=O)O,Coconut
O=C(O)c1ccccc1C(=O)N1CCC2COC(=O)N2c2cc(F)ccc2C1,ABBHFUUTMDHUEN-UHFFFAOYSA-N,O=C(O)C=1C=CC=CC1C(=O)N2CC3=CC=C(F)C=C3N4C(=O)OCC4CC2,384.35854502271735,True,O=C(O)c1ccccc1C(=O)N1CCC2COC(=O)N2c2cc(F)ccc2C1,Coconut
CCC(CC)c1cc(C2CN3CCC2CC3COC(=O)Nc2ccc(C(C)(C)C)cc2)nc(-c2ccncc2)n1,BEOQITRUWSBWHT-UHFFFAOYSA-N,O=C(OCC1N2CCC(C1)C(C=3N=C(N=C(C3)C(CC)CC)C=4C=CN=CC4)C2)NC5=CC=C(C=C5)C(C)(C)C,541.7280628988316,True,CCC(CC)c1cc(C2CN3CCC2CC3COC(=O)Nc2ccc(C(C)(C)C)cc2)nc(-c2ccncc2)n1,Coconut
CC(C)NC(=O)NCC1OCC(NC2CCOCC2)C1O,FZRWCYQTDJULAT-UHFFFAOYSA-N,O=C(NCC1OCC(NC2CCOCC2)C1O)NC(C)C,301.3824322397139,True,CC(C)NC(=O)NCC1OCC(NC2CCOCC2)C1O,Coconut
O=C(Nc1ccc(C2OCC(=O)N(Cc3ccc(F)cc3)C2CO)cc1)C1CCCC1,IVTWTDZRLUQZLF-UHFFFAOYSA-N,O=C(NC1=CC=C(C=C1)C2OCC(=O)N(CC3=CC=C(F)C=C3)C2CO)C4CCCC4,426.4814912205578,True,O=C(Nc1ccc(C2OCC(=O)N(Cc3ccc(F)cc3)C2CO)cc1)C1CCCC1,Coconut
CC(=O)c1cccc(NC(=O)OC2COC3C(Nc4nccc(-c5ccc(N(C)C)cc5)n4)COC23)c1,GRDXKHQITZTGEA-UHFFFAOYSA-N,O=C(OC1COC2C1OCC2NC3=NC=CC(=N3)C=4C=CC(=CC4)N(C)C)NC5=CC=CC(=C5)C(=O)C,503.5506917472508,True,CC(=O)c1cccc(NC(=O)OC2COC3C(Nc4nccc(-c5ccc(N(C)C)cc5)n4)COC23)c1,Coconut
CC(C)NC(=O)CC1CC2OC(CNC3CCC(F)(F)CC3)C(O)C2O1,HWQUSJSHPUJEIP-UHFFFAOYSA-N,O=C(NC(C)C)CC1OC2C(OC(CNC3CCC(F)(F)CC3)C2O)C1,376.43930132130725,True,CC(C)NC(=O)CC1CC2OC(CNC3CCC(F)(F)CC3)C(O)C2O1,Coconut
CC(C)NC(=O)N1CCN2C(=O)N(Cc3ccccn3)CC2C1,KXUFMRARRPDPQX-UHFFFAOYSA-N,O=C(NC(C)C)N1CCN2C(=O)N(CC3=NC=CC=C3)CC2C1,317.3867375769199,True,CC(C)NC(=O)N1CCN2C(=O)N(Cc3ccccn3)CC2C1,Coconut
CCOc1ccc(NC(N)=O)cc1,GGLIEWRLXDLBBF-UHFFFAOYSA-N,O=C(N)NC1=CC=C(OCC)C=C1,180.20412838621223,True,CCOc1ccc(NC(N)=O)cc1,Coconut
CCC(=O)C1=NCCS1,MFQABLFJUQNPAC-UHFFFAOYSA-N,O=C(C1=NCCS1)CC,143.20807529280353,True,CCC(=O)C1=NCCS1,Coconut
CC=C(C)C(=O)OC1Cc2c3c(c4oc(CO)cc(=O)c4c2O)Cc2ccnc(N)c2C2=CC(CCOC)C4=C2C(Cc2cnc(N)cc2C4)C1(C)O3,ZNBWOTPWJPXXPX-UHFFFAOYSA-N,O=C(OC1CC2=C(O)C=3C(=O)C=C(OC3C4=C2OC1(C)C5C=6C(=CC(C6CC7=CC(=NC=C7C5)N)CCOC)C=8C(=NC=CC8C4)N)CO)C(=CC)C,718.7957356776902,True,CC=C(C)C(=O)OC1Cc2c3c(c4oc(CO)cc(=O)c4c2O)Cc2ccnc(N)c2C2=CC(CCOC)C4=C2C(Cc2cnc(N)cc2C4)C1(C)O3,Coconut
O=c1c(C(O)c2cccnc2)c(O)n(-c2ccccc2)n1-c1ccccc1,VIRKCVKWVRFTSI-UHFFFAOYSA-N,O=C1C(=C(O)N(C=2C=CC=CC2)N1C=3C=CC=CC3)C(O)C=4C=NC=CC4,359.3787710514025,True,O=c1c(C(O)c2cccnc2)c(O)n(-c2ccccc2)n1-c1ccccc1,Coconut
CC1=CC(CNC(=O)CCC(=O)O)C(C(C)C)CC1Cc1nc2ccc(Cl)cc2[nH]1,QVGXRFCFGYCBLY-UHFFFAOYSA-N,O=C(O)CCC(=O)NCC1C=C(C)C(CC2=NC=3C=CC(Cl)=CC3N2)CC1C(C)C,431.9564102228978,True,CC1=CC(CNC(=O)CCC(=O)O)C(C(C)C)CC1Cc1nc2ccc(Cl)cc2[nH]1,Coconut
Oc1cc2c3c(c1)CCCC3CCC2,XUJCYRCWBNRRQI-UHFFFAOYSA-N,OC=1C=C2C3=C(C1)CCCC3CCC2,188.26602364702603,True,Oc1cc2c3c(c1)CCCC3CCC2,Coconut
CCCCCCCCCCCCCCCCCC(=O)OC(CC=C(C)C)C(C)=CCOc1ccc(CCNC(=O)c2ccccc2)cc1,AKRJIIVORCSJLA-UHFFFAOYSA-N,O=C(OC(C(=CCOC1=CC=C(C=C1)CCNC(=O)C=2C=CC=CC2)C)CC=C(C)C)CCCCCCCCCCCCCCCCC,659.9821154778738,True,CCCCCCCCCCCCCCCCCC(=O)OC(CC=C(C)C)C(C)=CCOc1ccc(CCNC(=O)c2ccccc2)cc1,Coconut
CC(C)CCc1ccc2nc(CO)c(OC(=O)C3OC(O)(CO)C(O)C3OCCCO)[c-]2c1,CLMHBGITOYJCRL-UHFFFAOYSA-N,O=C(OC1=C(N=C2C=CC(=C[C-]21)CCC(C)C)CO)C3OC(O)(CO)C(O)C3OCCCO,466.50237730370975,True,CC(C)CCC1=CC2C(=NC(CO)=C2OC(=O)C2OC(O)(CO)C(O)C2OCCCO)C=C1,Coconut
Cc1cc(C(=O)NC2CC(COc3ccc(S(C)(=O)=O)cc3)C(O)C2O)nn1C,VWSDNJWVFULEQE-UHFFFAOYSA-N,O=C(NC1CC(COC2=CC=C(C=C2)S(=O)(=O)C)C(O)C1O)C3=NN(C(=C3)C)C,423.4851250641792,True,Cc1cc(C(=O)NC2CC(COc3ccc(S(C)(=O)=O)cc3)C(O)C2O)nn1C,Coconut
O=C(NCc1ccccc1)N1CCC(O)(c2csc(CN3CCC(O)C3)n2)CC1,GCRYPGGHWGKWKX-UHFFFAOYSA-N,O=C(NCC=1C=CC=CC1)N2CCC(O)(C=3N=C(SC3)CN4CCC(O)C4)CC2,416.5389075435603,True,O=C(NCc1ccccc1)N1CCC(O)(c2csc(CN3CCC(O)C3)n2)CC1,Coconut
CCCCCC1C(CCCC)CC(Cc2ccnc(N)c2)CC2C#CC(c3ccccc3)c3cc(O)c(OC)cc3CCC(=O)CC(=O)C21,IGNZWCNGLMTYJZ-UHFFFAOYSA-N,O=C1CC(=O)C2C(C#CC(C=3C=CC=CC3)C4=CC(O)=C(OC)C=C4CC1)CC(CC=5C=CN=C(N)C5)CC(CCCC)C2CCCCC,662.901470392826,True,CCCCCC1C(CCCC)CC(Cc2ccnc(N)c2)CC2C#CC(c3ccccc3)c3cc(O)c(OC)cc3CCC(=O)CC(=O)C21,Coconut
CN(Cc1ccccc1)Cc1cn(C2COC3C(NCc4ccc(N(C)C)cc4)COC32)nn1,LDUOXRVGZHFFKW-UHFFFAOYSA-N,N1=NN(C=C1CN(C)CC=2C=CC=CC2)C3COC4C3OCC4NCC5=CC=C(C=C5)N(C)C,462.5881480439196,True,CN(Cc1ccccc1)Cc1cn(C2COC3C(NCc4ccc(N(C)C)cc4)COC32)nn1,Coconut
Cc1ccc(C2CC(O)C(O)C2N2CCCCC2)cc1,MEGYAWWYAYFVBX-UHFFFAOYSA-N,OC1CC(C2=CC=C(C=C2)C)C(N3CCCCC3)C1O,275.38654215321554,True,Cc1ccc(C2CC(O)C(O)C2N2CCCCC2)cc1,Coconut
CC(C)(O)C1Cc2c(cc3oc(C(O)CCN=C(N)N)c(CCO)c(=O)c3c2OC2CCCC2)O1,GNSXTTGSZRYXGL-UHFFFAOYSA-N,O=C1C2=C(OC(=C1CCO)C(O)CCN=C(N)N)C=C3OC(CC3=C2OC4CCCC4)C(O)(C)C,489.5622679176963,True,CC(C)(O)C1Cc2c(cc3oc(C(O)CCN=C(N)N)c(CCO)c(=O)c3c2OC2CCCC2)O1,Coconut
CC(=O)OC1CCc2cc(c(O)c3c2CCC2CCCC2O3)CN2CC(Cc3ccnc(N)c3)(CCN=C(N)NCSSCCCCCCC(O)C1)CC2=O,XMXSOSPFFYSUEX-UHFFFAOYSA-N,O=C(OC1CCC2=CC(=C(O)C=3OC4CCCC4CCC32)CN5C(=O)CC(CC=6C=CN=C(N)C6)(C5)CCN=C(N)NCSSCCCCCCC(O)C1)C,797.0854357915636,True,CC(=O)OC1CCc2cc(c(O)c3c2CCC2CCCC2O3)CN2CC(Cc3ccnc(N)c3)(CCN=C(N)NCSSCCCCCCC(O)C1)CC2=O,Coconut
COCc1cc(CC2CC(NCc3ccc(CO)o3)C2(C)C)no1,CHCJHFDLEMOTCM-UHFFFAOYSA-N,OCC=1OC(=CC1)CNC2CC(CC3=NOC(=C3)COC)C2(C)C,334.410731866004,True,COCc1cc(CC2CC(NCc3ccc(CO)o3)C2(C)C)no1,Coconut
O=C(c1ccco1)N1CC2OCC(=O)N(Cc3ccccc3)C2C1,SPJCLQQKKGCDQB-UHFFFAOYSA-N,O=C(C=1OC=CC1)N2CC3OCC(=O)N(CC=4C=CC=CC4)C3C2,326.3472058353978,True,O=C(c1ccco1)N1CC2OCC(=O)N(Cc3ccccc3)C2C1,Coconut
CCN1C(=O)COCC1C(O)c1ccc(NC(=O)C2CC2)cc1,AAVUVUNFVGOAJO-UHFFFAOYSA-N,O=C(NC1=CC=C(C=C1)C(O)C2N(C(=O)COC2)CC)C3CC3,318.368232953913,True,CCN1C(=O)COCC1C(O)c1ccc(NC(=O)C2CC2)cc1,Coconut
C=CCSSC(CC)S(=O)CC=C,SNOBYLKVQZUQSL-UHFFFAOYSA-N,O=S(CC=C)C(SSCC=C)CC,236.421335038988,True,C=CCSSC(CC)[S+]([O-])CC=C,Coconut
COc1cc(CCC2CC(O)CC(c3cc(OC)c(O)c(OCC4NC(C)CCC4Cc4ccnc(N)c4)c3)O2)ccc1O,IITVZLJJWPWDMB-UHFFFAOYSA-N,OC1=CC=C(C=C1OC)CCC2OC(C3=CC(OC)=C(O)C(OCC4NC(C)CCC4CC=5C=CN=C(N)C5)=C3)CC(O)C2,607.7382985270463,True,COc1cc(CCC2CC(O)CC(c3cc(OC)c(O)c(OCC4NC(C)CCC4Cc4ccnc(N)c4)c3)O2)ccc1O,Coconut
CCCNCc1cccc2ccc(CC(Cc3ccc(O)c(OC)c3)C(=O)CC(O)C(Cc3ccc(O)c(OC)c3)Cc3cnc[cH-]3)cc12,JAXXZEZANJBBNX-UHFFFAOYSA-N,O=C(CC(O)C(CC1=CC=C(O)C(OC)=C1)CC2=CN=C[CH-]2)C(CC3=CC=C(O)C(OC)=C3)CC4=CC=C5C=CC=C(C5=C4)CNCCC,663.8232231776084,True,CCCNCc1cccc2ccc(CC(Cc3ccc(O)c(OC)c3)C(=O)CC(O)C(CC3=CN=CC3)Cc3ccc(O)c(OC)c3)cc12,Coconut
CN(C)Cc1cc(CC2(NCc3ccc(OC(F)(F)F)cc3)COC2)no1,OVMXRKCLUWORMI-UHFFFAOYSA-N,FC(F)(F)OC1=CC=C(C=C1)CNC2(COC2)CC3=NOC(=C3)CN(C)C,385.38147679016754,True,CN(C)Cc1cc(CC2(NCc3ccc(OC(F)(F)F)cc3)COC2)no1,Coconut
CCCCN1C(=O)C2CC(O)CN2C2(CN(CC(C)(C)C)C2)C1=O,IBDFZRSTGPAVHK-UHFFFAOYSA-N,O=C1N(C(=O)C2(N3CC(O)CC13)CN(C2)CC(C)(C)C)CCCC,337.4577339145996,True,CCCCN1C(=O)C2CC(O)CN2C2(CN(CC(C)(C)C)C2)C1=O,Coconut
CCc1ccc2ccccc2c1C1C=CC(C(Cc2cnc[cH-]2)C(O)CC(=O)C(CC2=C[CH+]N=C2)Cc2ccc(O)c(OC)c2)c2ccc(O)c(OC)c21,YSPBAEVAURFGFM-UHFFFAOYSA-N,O=C(CC(O)C(CC1=CN=C[CH-]1)C2C=CC(C3=C(OC)C(O)=CC=C32)C=4C=5C=CC=CC5C=CC4CC)C(CC=6C=N[CH+]C6)CC7=CC=C(O)C(OC)=C7,722.8689619077223,True,CCc1ccc2ccccc2c1C1C=CC(C(CC2=CN=CC2)C(O)CC(=O)C(CC2=C[C]N=C2)Cc2ccc(O)c(OC)c2)c2ccc(O)c(OC)c21,Coconut
O=C(CC1CC2OC(CNC(=O)Nc3cccc(Cl)c3)C(O)C2O1)NCc1ccc(F)cc1,HVOYHMXFQKNZFW-UHFFFAOYSA-N,O=C(NC=1C=CC=C(Cl)C1)NCC2OC3CC(OC3C2O)CC(=O)NCC4=CC=C(F)C=C4,477.9139195289077,True,O=C(CC1CC2OC(CNC(=O)Nc3cccc(Cl)c3)C(O)C2O1)NCc1ccc(F)cc1,Coconut
